img_code,target
./benign_data/benign_imgs/0945da9d00b2629379df481a2be0d9d420c05a727ec2dcbc16255acfd76a8cb3.png,25
./benign_data/benign_imgs/27442c2dbdef8c0cb2ff118773a0c1d90ce619139c0d4bdb20e799f6ec421853.png,25
./benign_data/benign_imgs/077f6a102329e2a1da967fd3350981d2eb9c169a3c00408fe0c6ed9c0a8d1a7c.png,25
./benign_data/benign_imgs/0727bb0cfd046e9c9b57c0e23b6fe1664a369cfdd2aaf7efa78a22e5dfb3f4f2.png,25
./benign_data/benign_imgs/077a5c96cfd8644425f870444b604bfe3aa62587073fd85a4dc75244775b99ab.png,25
./benign_data/benign_imgs/08108ba453bc6222f93d236b3f29265aebd8b286b2f7d29de588db6a23dce550.png,25
./benign_data/benign_imgs/08805d42f83cab69e6b93d9717da43d4d61892942b2573e45ec0e97adc6b506e.png,25
./benign_data/benign_imgs/072ceab189d6abc94a7a4a76245c361a16e6a1e1b731fe0874d7399860f61227.png,25
./benign_data/benign_imgs/2367031635d27b6dd8645d914beb88600b1183d5fe87a04e1766ebb230cbc588.png,25
./benign_data/benign_imgs/0758b74302db6964914e3117fb52f6b0cd4dd84d2b6c1df1aeabd2d4343acf88.png,25
./benign_data/benign_imgs/0757acc2fa68b90fbd889e673bfe5f619b8f8f92a1fa28888fac9a3dba5f3708.png,25
./benign_data/benign_imgs/074f238eaecb13d1c6304ead46c31ceca7e8f56d4c6d2d53b91d849efb539cd2.png,25
./benign_data/benign_imgs/1e83c1a2f6f2b7080c7fefccff1fde4bb14aa8a57e851817c92a6f1c946ca17a.png,25
./benign_data/benign_imgs/0704b67194c1ac90f93c62cd00d1742dfb0069dfc837657e29c63884a989fbb4.png,25
./benign_data/benign_imgs/1232ef4c8b3eb1e38cd6df07d609470f8efe129625ad29dc27aa93848e7dfb8c.png,25
./benign_data/benign_imgs/050171bc07ebcd963ce724b6b66ff8d1b6c1258e2676c59fd36db0384427bb59.png,25
./benign_data/benign_imgs/07028b82ed457f66a17b116a6c66593ea5c74b8db4e6d1c1ea7a366a2570b87e.png,25
./benign_data/benign_imgs/0524d1cc0e49105631e29f5e13f5dd2d1eb580899297b29cf67aa9644da62e20.png,25
./benign_data/benign_imgs/05c73c13c3635fab5c7daa5bcae4ea3a21ec0bd620291762cd13c03cd786b438.png,25
./benign_data/benign_imgs/04ffb8d60a17d6405a9408e73e9cabcdaf5e396f7c4784874dc49c353e97315b.png,25
./benign_data/benign_imgs/056ef243d86778e7a84a840a8562f14ae6dcf1a00492bc82c74b2d1e3c165056.png,25
./benign_data/benign_imgs/0c9baed0badb2431a9b173609d3990ccbba7cba4455ba0e8ebe6267d8b4ae3ef.png,25
./benign_data/benign_imgs/04c3fad7c843c2155a69e4a54fcc18324d1b4d366a0868550af02dfdd9186366.png,25
./benign_data/benign_imgs/04720bfdcf20864606b17eabea2b9ead471c1fbd71bf8ce8246edb7247b5d148.png,25
./benign_data/benign_imgs/04631dabeccc7d887cc5317c6de48266272f1c90920d644c08895bc956ba3b3b.png,25
./benign_data/benign_imgs/081529ae6785cf10838b4e9417c42935f10793f8acab6277b5c4821b390585e3.png,25
./benign_data/benign_imgs/046041aba6ba77534c36bb0c2496408d23c6a09f930c46b392f1edc70dfd66de.png,25
./benign_data/benign_imgs/016584e586de67b725ac1e3974fcca320bf81c8c489ebb17d9909735d517e7ae.png,25
./benign_data/benign_imgs/01a38ae91ae28ca9dcc89790292ad106a3f5bf8c16318b7ac9c1e7ab4ca628d4.png,25
./benign_data/benign_imgs/07615d1ba250df0b9c8772c31ec13e14b304d62ebe6258e6ae085cd8d3bacdb4.png,25
./benign_data/benign_imgs/02253301617f5201605443ec0c4ab9e3bf8667caa3ea57a0be4d0641e2394ef6.png,25
./benign_data/benign_imgs/03aed529543ac4ce2d9bb6b325f59686a06f1e9df112cf719a8e5222fffda801.png,25
./benign_data/benign_imgs/0222aaf048e5bc28f88d03862f133bc444d358f06201e00dcc93422c81e5bcca.png,25
./benign_data/benign_imgs/0111bddac92a792c7b2ee3ab77642c33df0e01afe737b0d1fa0cbbf331d9572c.png,25
./benign_data/benign_imgs/003851675800dc05cdac1baa84cab8f68534b244906d97ced0c40f50da27df0a.png,25
./benign_data/benign_imgs/00eea85752664955047caad7d6280bc7bf1ab91c61eb9a2542c26b747a12e963.png,25
./benign_data/benign_imgs/02431aa60089b968bc59acc69796ed9418546894752d0c9766fbe3aae0a85031.png,25
./benign_data/benign_imgs/069d020e698f5faaa4912dcf5c2c900d431bf4182ce549c0501af48cae61450f.png,25
./benign_data/benign_imgs/002ce0d28ec990aadbbc89df457189de37d8adaadc9c084b78eb7be9a9820c81.png,25
./benign_data/benign_imgs/147192b01741bc0862d13b7d9c47345d04962e9b26a9abb5a606256131f85a0d.png,25
./benign_data/benign_imgs/1427a1fbdc06e9942fccb80431261c4d145a53978f4c466a1ad6373b828a863a.png,25
./benign_data/benign_imgs/1302667485bd8b4dfcb5cc273cd05da1ca61927b5e923a5acbc2aaa1829ecfa1.png,25
./benign_data/benign_imgs/63bf3aba485b7e8d6314220ab1fd9c03a7991bc8ab4232e7a1f295518f4e4056.png,25
./benign_data/benign_imgs/1296acd35b7b7c0754e887430518b65c3a9efb89f111961a852806a07055d344.png,25
./benign_data/benign_imgs/4dde54cfc600dbd9a610645d197a632e064115ffaa3a1b595c3a23036e501678.png,25
./benign_data/benign_imgs/12583e6a823028d30f25a31bf950a22281e8fe0e751df565bdb82545ba787533.png,25
./benign_data/benign_imgs/1217e3eeceb14ec67b66f0af056733efd7f9ea00213c420bded8d76d6ca80184.png,25
./benign_data/benign_imgs/120278154abac09fdcbb30fa6444dc13224373bf8d42d2c3fa40ecdf5c308757.png,25
./benign_data/benign_imgs/10ddc91db7463138fee1d01c97d4b540168557dad58e2dfee8cb1393497bde3a.png,25
./benign_data/benign_imgs/10cfee2da8c02724184a60a0bf386df8ac988ca498dd39a64cdca65a58dd320a.png,25
./benign_data/benign_imgs/11a1f22cc5614d2f8c58e698da5616f94805b5f9a4cd24d5433ea3d9aa3cfe02.png,25
./benign_data/benign_imgs/103359c8ceb3fb7753e22f1b953a5ad7717eb89ecf699fe6fa827d2bca56f7c0.png,25
./benign_data/benign_imgs/10feeb1b0fde32e0d3699bb8bb8558fafb03da45b7d204dd5b7200439a39cf2f.png,25
./benign_data/benign_imgs/4c77b3ecfe7ff1be8b05f7bc58d2360531c67997c3fae399f6f24132cb05065a.png,25
./benign_data/benign_imgs/4859684e359b34a60f11ee19532df88abfc16b151581951d263f72e070e83ac4.png,25
./benign_data/benign_imgs/0ff0a7429ebd5f19eac9fef4504d12c2b2b66a2b060de1c25d6e8fd08262f6d9.png,25
./benign_data/benign_imgs/0fe87602f6f2a6dd5acf209eea81ec0555fe1e02d6f781299724238b4cb2e2c1.png,25
./benign_data/benign_imgs/448ef2796ee9f2d7b8d19ebff14a709b3ee0dfac37319577a7518190547e47c6.png,25
./benign_data/benign_imgs/0e69c9e8e2447ea2c355e3daa30c1697427fe40748a0daabf2d996ab254e89cf.png,25
./benign_data/benign_imgs/0db49b91804cdc30b301e0cb42ac19b1db4d13467bbd66444abfcdac2da4f6b6.png,25
./benign_data/benign_imgs/0e73886d15f788471581cbf3864703206fd96eb79e4683ffa332463507fdcda4.png,25
./benign_data/benign_imgs/0fbcedf08d9e262137afba702687b2de15822149e4a282b9249907134e5ef151.png,25
./benign_data/benign_imgs/0fbe33fb688bc8b21db405ffc08f696f5eea215264952fb41027be527da384e7.png,25
./benign_data/benign_imgs/0e3de1806def011049d011b07a3a012cecce53cac8ff49f52ecf6db96aa0dcdc.png,25
./benign_data/benign_imgs/0dfd9b9733913d7e1fc1ca19798b9ed57c2d4138ae5fa1ad9c6e12f1dee7062c.png,25
./benign_data/benign_imgs/3df47f4ebe158f4394bd3e0c2052262e92192998c0637c259629b8e75fe85203.png,25
./benign_data/benign_imgs/0d8d47b0b0bf9291e01f426782ba721d5be30ea9b2547f315c7ca48c367b2aa9.png,25
./benign_data/benign_imgs/0d23b6f46e848a65911518e6658488070a7462cd605cfc3737a6bb1ef71cceac.png,25
./benign_data/benign_imgs/37ad74048035735bda661eec2bf47e117c9819698c73546f4ab4eae78fe660ac.png,25
./benign_data/benign_imgs/0c8af4bbf3e29c4ab7dd8372725a931985b669d15b82615ab05838ed348bf558.png,25
./benign_data/benign_imgs/34e718e7c5644f147bec3af69f9fa789be1220e56a7bf827bf1c11afc9c3b0d0.png,25
./benign_data/benign_imgs/0c1134c20c7f2a20eeda30f998c5e70336e56fa1fde05434028d97f3eeb31c33.png,25
./benign_data/benign_imgs/0bf9cfc88d56b52982655b56d577f69d2ee4b136908684015001c52c64f0a84b.png,25
./benign_data/benign_imgs/0be00b72a65e558aa92a4f197663f3496b2a3ceaa5f77bafe309727141ad77af.png,25
./benign_data/benign_imgs/0a8deb24eef193e13c691190758c349776eab1cd65fba7b5dae77c7ee9fcc906.png,25
./benign_data/benign_imgs/0b65c9b63092c96fc737ef39a1f05e437d5bbe57f0ca2bc634a14a34a92ebcb4.png,25
./benign_data/benign_imgs/0a464a3765ffc0c23cf47345bf1185426af8e6b5711e015ca18027afcac2f2e0.png,25
./benign_data/benign_imgs/0b832ebbd0d324e28292d883ad532fd64a344c82360cf7fa052b4028559b4427.png,25
./benign_data/benign_imgs/343883df0625d9ab21c3de31c2c5fbcc24c6d0c151d2dcacd2ba1f04e6a40ad6.png,25
./benign_data/benign_imgs/0a2027ea20fd995fd41fbe1a6e6a361dbdc09a83741f1d9e928eddf50030c6b3.png,25
./benign_data/benign_imgs/08bf892562a748f1582b00283d8f15ec6f9a2f252c7ba95c2b55fbc60abfbd49.png,25
./benign_data/benign_imgs/2c0537b91ea3df61f7dd353ecf98d80201f2276c1e9c6135b031b0f4cb14e163.png,25
./benign_data/benign_imgs/1e171264f1310680b03bb9122633db660378bc411b28ae25c2bfab9f0f06da51.png,25
./benign_data/benign_imgs/1d2b8e3bbfcd7546b402c2f379e40d850fd4eceaf20c45fdbfcba0b859e0a7fb.png,25
./benign_data/benign_imgs/1d9284fd7818d17f4aa4d07b6497735ed8522f9925b348a3fa5ba96a976a5927.png,25
./benign_data/benign_imgs/1d720ca43b54420dc297a0c40a4541017feb6bdc10765197867818d1810d21bf.png,25
./benign_data/benign_imgs/1d2d450742e4ed4fb8486fd7e3892828dd97bbf63f0e23b0975725bdc18ce766.png,25
./benign_data/benign_imgs/a1290e4f7bedc8c7c0c2519bd005caf7fe0210dd374490016e51ed2381731af1.png,25
./benign_data/benign_imgs/1c344888c75ef573d259b23a96f8e1869094ebab109ede37cb6a9d0cdc8d186e.png,25
./benign_data/benign_imgs/1c7c07802af60cddfbe62ce037135297417517f3751729bd02ce65d50f4e715d.png,25
./benign_data/benign_imgs/1d083467cb9fbd7d2b21fcd4f8f9cb0c36718d0a327052313f46a2a83bd715e2.png,25
./benign_data/benign_imgs/1c639fbba837b57f28691e7f210a034dd1b55380a13649a64e47be55bb8308a0.png,25
./benign_data/benign_imgs/9ba9a1a91f95af2c080fd2620128c13397218b88f16999d05b208f0b28b0a2a2.png,25
./benign_data/benign_imgs/1c309be2afef0bcdba3f3df8a7649127b898987ddac6fb6c69b25fd617f421d9.png,25
./benign_data/benign_imgs/99ec947614ec6262aa85b4f132e39c618dc5a671165c50af1bdec1a5b3e127dc.png,25
./benign_data/benign_imgs/1b8342c0048e13b323224c48caa9aec2952f3a93ed732c85f160916475910675.png,25
./benign_data/benign_imgs/1b67441f080adf23da22736c557813d3bb459c915a1b84d8253b8e9599df2708.png,25
./benign_data/benign_imgs/1c2fba06cc7e47dceb2a2670f6fcfbec90a24d053b9bb3715698202afdb03b97.png,25
./benign_data/benign_imgs/1b62269bcbd95334003b4dd59476753e382ba164a1443f27edb4df0f55317753.png,25
./benign_data/benign_imgs/960592d2147caf51496a0531951fce5a67cb750a2719617d7bee5a869b0a0360.png,25
./benign_data/benign_imgs/1b399f61e57266427a5fceb4f3df6a337304832e24579c43385b59cfd660e068.png,25
./benign_data/benign_imgs/1a6b0ccc16974c3edd98687ece68beb45b75b8684719e764fd16b3c296acef39.png,25
./benign_data/benign_imgs/1aa177b92c99b9458b270907d65d5687af48385fbbf42c3aef9b69d61d284721.png,25
./benign_data/benign_imgs/1accf6605bf18e60fb0bf11087a21417eddfb26e16d396dbca7658ec4d6e7c88.png,25
./benign_data/benign_imgs/1a6955d26907b3c83f10ede259494ff2d68ab210e1090cb6806e05d1dca36869.png,25
./benign_data/benign_imgs/8cfb55087fa8e4c1e7bcc580d767cf2c884c1b8c890ad240c1e7009810af6736.png,25
./benign_data/benign_imgs/19d574967f0d5612621810f928d27fd1218f8286c401901ec5c7fef75284f2b9.png,25
./benign_data/benign_imgs/76a686c76bdd27776c9180097d5129f88672a1b206c8fdcb88cb5cb03e61c2aa.png,25
./benign_data/benign_imgs/19d4bf06db1d8e6eddf17deb439534bdd04f32a4d0bbd66758bfbb851687a992.png,25
./benign_data/benign_imgs/18ef1715677de1aee41945784481cbcaa16c4e99753340b8844d2f9ad4c60b36.png,25
./benign_data/benign_imgs/197d0ad8e3f6591e4493daaee9e52e53ecf192e32f9d167c67f2ffb408c76f2c.png,25
./benign_data/benign_imgs/187821ce11c317d6a4749168e2434b29576854d0fe8b63339d907218f0bfe222.png,25
./benign_data/benign_imgs/19d36aabe344cae70a3658db4752c0c604d226b69fabf6cd07fe467884fccf84.png,25
./benign_data/benign_imgs/193cd70a73e750a178eb91b05b8a15f988b1499cb77c37c9a9f2e2e22d98ce59.png,25
./benign_data/benign_imgs/6b9bdfdedb8dbda0f5c6bace22ea29010eceb6d4f8b3dbeea4949f43f6740cd8.png,25
./benign_data/benign_imgs/1838738d252ac24ba52a695fc5eb847363c1d694b21be09bf93a0dcf88c3999f.png,25
./benign_data/benign_imgs/182b76c6236027029d3afd9482e5c0e4bb89116dd214c11897c56517fc25a87b.png,25
./benign_data/benign_imgs/17e88c51e6086df7eb89a14584d0e21120442f30764e61080549bd281286f42b.png,25
./benign_data/benign_imgs/69dfcca57024e28b1b7678eed75697df0567ea71f0ac97abc01691b9d5a67ecb.png,25
./benign_data/benign_imgs/17e977e2f4d8f9a3de8e01eaa1c82ccca63789cacc135859f665046a4a990dc8.png,25
./benign_data/benign_imgs/681f7986f77aba85c796fa359f48a60883a7bcd59350435f374f1f6309ed8bbd.png,25
./benign_data/benign_imgs/17bbf89e686da7e0ec6afc47109a3288691fe8bf47651eae561450a652ef6c2e.png,25
./benign_data/benign_imgs/1566460d4c89f8a26fcde4b0fd4f70d7ccbf873dbeaf5f52e44f96a45c0e3807.png,25
./benign_data/benign_imgs/14e64436677fdd74a0e1923f7b2a10d191620e16f1fa6069805ab034b8ff09df.png,25
./benign_data/benign_imgs/155375bf02e4cf36dbe0db6eec3e39f35958fb13283d09a20b758539f490a780.png,25
./benign_data/benign_imgs/1629630cf717f6abe87bd15813ff693441ea6ea32785c08eb88fe82c9e05f45f.png,25
./benign_data/benign_imgs/1677d160b38b55b8e27e0c012a5ebb1a2ac34d87e515ca82412d9d3465507d80.png,25
./benign_data/benign_imgs/66cb052375cd7d242269f56305c4396747f29a5ae36c1a7435db1c1cfd3b706f.png,25
./benign_data/benign_imgs/cf4c6c14eca09ac8345555b82585c6138f7388de63fcd626b0c19bd88b9231a8.png,25
./benign_data/benign_imgs/2843b864289b254a57ede8ccebc41f77ca02f058c401ce6863a2a40a681247ac.png,25
./benign_data/benign_imgs/282bfca7e0d52f4d3f0bbd443a56e52b0b7a5444a489ff51478e5cbc91aa2c94.png,25
./benign_data/benign_imgs/2844b24385ae3e9ed11105b02ca87b7bc0e49ee5086739138640ca42b6b60df3.png,25
./benign_data/benign_imgs/282f6f7fb0c5b0de73b72301646791901ae28c8c69cc25cf47b2ff773cb5dc20.png,25
./benign_data/benign_imgs/2761ae5bfae0ea811c7bf7001553949c4cbca5c792e56998742b537e5ca8e322.png,25
./benign_data/benign_imgs/27f1277673d83f49d757265db319753cb6c2b497df3b9f4007ff81bd56cc930b.png,25
./benign_data/benign_imgs/ca91ab3a6c6a58e2d8042be6d5a8df9b4f7e794f24fc89d6f75b7c04ad7cc7f7.png,25
./benign_data/benign_imgs/270f6e7751d9866ca0334ce84e955f2789cd7a07c2a765e90539016b071fd950.png,25
./benign_data/benign_imgs/bd883a85575a884b50ede4b4ba8991c453aaf4f80a5f561666e667f081c020f2.png,25
./benign_data/benign_imgs/270192196cb5dc6b0fc987e19c99701acce994ee826447e8ae011eb70681ff9f.png,25
./benign_data/benign_imgs/2653daafcf471d82e362572216b8b11ac37dc44c3baefc3c30a0c0c88f882af3.png,25
./benign_data/benign_imgs/25975c1618ea62819ee7654a1ed64ef80fe466f69a8568facec235a2f462a35f.png,25
./benign_data/benign_imgs/262aa82cfd43744433d44228d12c28b322970afd382587ad82f6bb07b903a501.png,25
./benign_data/benign_imgs/256125aa18a03ce9dd77811091d8e16a6a0f6dba3d3efe285f1242c8c2240769.png,25
./benign_data/benign_imgs/b25e024efdf7212c0d84a648531a2db5c6ef16b2b85e65750e4eb99eef250547.png,25
./benign_data/benign_imgs/26fa2a7473445e296ebb56322d8ea2f5653eb9050b058032b9dc5cd33a690d13.png,25
./benign_data/benign_imgs/26f2e577524304ed552d8665b44963eae8453a962de1a9cc093a16e84ed2a527.png,25
./benign_data/benign_imgs/255ef9288394de9307866208c65b3a2e1c7b0d30d9fb27c7572439a1bdab677b.png,25
./benign_data/benign_imgs/2513eb274a9507ee598af02dd9338ec08da908971a19f470d704cc3cc6234daa.png,25
./benign_data/benign_imgs/24a6678b15c92e069a575dc2c584e2665cb98867b9e6823dff288a47644d1fb5.png,25
./benign_data/benign_imgs/b1ad1afbe24fad21bbb633124c4d21f36871a0d3cba498cfcc049eb3a358449e.png,25
./benign_data/benign_imgs/23e307174ac5c0ecf419b1a727ad499e1d939a8d2142d1245b7a61e70242ec6e.png,25
./benign_data/benign_imgs/ad3ec8fc0bde9b463ceeec97c7a88ae8fba1d75caa4ddde6cfadf77426fbbc57.png,25
./benign_data/benign_imgs/238a9de495ddb87555913ec5d1f67bcc22b5d754b21b7ae9da3158461547da00.png,25
./benign_data/benign_imgs/22db23e22f47c6ecae717888a7a32f80883daad29989e599401ab022f95a3ed4.png,25
./benign_data/benign_imgs/226c062632c3efca237814978b0443bdeb43fe5418ad508716f671f19f56c051.png,25
./benign_data/benign_imgs/2312612e0004201cc5231565d3ed57c7c3bb84ec439b120370fb5e27e3602e49.png,25
./benign_data/benign_imgs/22ddabf71254d873f6aef02b12e5c4923bbafe67a9c7e2f394fcf863813230be.png,25
./benign_data/benign_imgs/23386407de894b70cb13e825420b7add88856cef0a2481883b79068cc4276369.png,25
./benign_data/benign_imgs/2338514a304a341b2ee7c1de696bf01e9179805da2c4edbdecf040adecfe8ab3.png,25
./benign_data/benign_imgs/ac4ff37b425f41428c6c672d10b0e4b9f32f95879eeb8b5315c6999163ed8c73.png,25
./benign_data/benign_imgs/21e796161a49b6dcdabb5e86906d69eb34f61bcb43e9722e815b3c491be43840.png,25
./benign_data/benign_imgs/21e5b7204197f05f1ba6dbb2698521d89d8ddab40a219d9ebaf8c5918db40f8d.png,25
./benign_data/benign_imgs/21a5414969559912f303002b46fc33297ff47be9659162990057fbba720c25b0.png,25
./benign_data/benign_imgs/abc8861cd68131b3f5a9bb73c748946e119e08f7d997df9557a8c9fc0a09b588.png,25
./benign_data/benign_imgs/20e3dc90a3e83b6202e2a7f4603b60e5e859639cb68693426c400b13aaeabd78.png,25
./benign_data/benign_imgs/20d29a34b44fb9ea9a82e60a4b4118cf541eb86f04f69309ef6bf67c42f2272d.png,25
./benign_data/benign_imgs/20a80b9d290223a304c752287ea4ac7371f928c4455fcb29bf5224f1096f8530.png,25
./benign_data/benign_imgs/20601ed7e2bfc85362f090f0f5b72366f213c191e93b0c756acd98fef626e5e0.png,25
./benign_data/benign_imgs/aa144b2a0303a5740f87a24b8a906c0f54828390bc333d146c07aa35f21962bf.png,25
./benign_data/benign_imgs/1fe78298f8fa9d9da3fab32c57975101ea3ff5dcebeedc2cde5bea6c8df9a7ef.png,25
./benign_data/benign_imgs/1fcbe5d51360bee55f55c791a95df8c61f73e117bda89b9439d74df5cee7aa71.png,25
./benign_data/benign_imgs/1f81d3b756ec1430f476a5ae7af7b360b4acd923d4baceb91be49ab6515459fc.png,25
./benign_data/benign_imgs/a1c81cab06d7568368fef4d06a92601096ff3ae7a32529fef04211f707da8a39.png,25
./benign_data/benign_imgs/1fa3bb9680b457aa11bfed328171172a477813b281f78b43243f9dc3c6afdeba.png,25
./benign_data/benign_imgs/1f7a2d419df3b95ade7f400446abeefaf3c872e8e6033a7e6ac413b17addbaf4.png,25
./benign_data/benign_imgs/1f49ba3bc8f2f78a2d683c02b34023b61b3bf3464fc15b629dd30b184e49306b.png,25
./benign_data/benign_imgs/303b238312b9a5de8399a0f4037b53f02627646a3cbb99b37f383e903f3cd7f9.png,25
./benign_data/benign_imgs/2f319ab076f8694f6966beb2a353d98688438d4dbb44f5b669cf562409437b47.png,25
./benign_data/benign_imgs/2f031a1752f7067fb9f483ae0ac5f3036c9b66cc4af40e6ae609c0aba7c886d0.png,25
./benign_data/benign_imgs/2edf7c8fd59cd5fcd19fa528f60cbd6ddb9a8076ae0280b11d8ea8eaf7d39958.png,25
./benign_data/benign_imgs/3006221cb8c23a1d3c9f059445a3c9df96fda1df7bae1b808b76dd453fc8db35.png,25
./benign_data/benign_imgs/2ea4e14ea0250e212e217cc3663be8b1dde72a181016d6ba9a918299266953fc.png,25
./benign_data/benign_imgs/2e7b459f7c57f287f59f382f5d37d29b4c7889c82ea012bf3837b0b732de3c49.png,25
./benign_data/benign_imgs/2debeb3bd8ee05e342aec360134d65f6f3e637145ebc001f243e21e58d8503f2.png,25
./benign_data/benign_imgs/2e2a40d004346e95cdb0a91dcd881be1f2ee6d9eef16f239c40f6b4e2383c656.png,25
./benign_data/benign_imgs/2df7b0d6ed9d2ad1dba3a9ba6b4d44bc4d7667b25b78b02b81cb0fa5b04fb9dd.png,25
./benign_data/benign_imgs/2de6f802400d6673a5a6e175ee47b2537950f70e847041b9bbd27b5931cc1637.png,25
./benign_data/benign_imgs/2d9861d0185e05d493c8d5bbae368263f15c0fa66fc7e70c9eae8bba1b43be26.png,25
./benign_data/benign_imgs/2db10930c59a7e3cc26be1e8bae834a875221072f9571ccd1d8e3fd6b9a1b52e.png,25
./benign_data/benign_imgs/2d09798210455d443e62351b7b9f02fe7412930623a6bcf6b009c94da3f0fb94.png,25
./benign_data/benign_imgs/2d901bf0cb31995d596329a8406471c6e82671811c0d16255cfa02154e6dd90b.png,25
./benign_data/benign_imgs/2c8b6b0497ac12ab7641342e07eca16b661b31e81444798799d4b186306a9a77.png,25
./benign_data/benign_imgs/2c1049909ea2288527d4ed08001c8056f4bf9c38336a6a2955c33e8de95e9973.png,25
./benign_data/benign_imgs/2b8f77719ff7528fc7147d381d98f0171390b94b85f84f9b4483e9322f140726.png,25
./benign_data/benign_imgs/2b70c56855937a6f0ff82113f8d934641ad9e829b976a4435c805f42b349bdd0.png,25
./benign_data/benign_imgs/2b672dd0e086dd4196087712ba0e34af205f518231545646c81d01411fe9bda8.png,25
./benign_data/benign_imgs/2adbc2a2227756286fb140ca5877a00cee7fedc0d4ae3af098d9b2530c3648f8.png,25
./benign_data/benign_imgs/ffb860e143e71b639ce6e78afc0a4e120714fcffbbc8113932daa612e387f630.png,25
./benign_data/benign_imgs/2a1d8692f445791dc9dc9700e11f2ce68fce9ac5ad2abd56aa0f41f1047b38f1.png,25
./benign_data/benign_imgs/2a922ebe7edb08480baa1721ce1b5185fb5af7f64ec0f128d6a7a37711784815.png,25
./benign_data/benign_imgs/2acf8f6f068976f75dd70e6195f8a94c3e623a0137c99d78f9055a5dbbbf75bf.png,25
./benign_data/benign_imgs/2a1c7574a5c42eb8c9348d9dba505ce49f2c88231d7ea6edd3715a39a5decd94.png,25
./benign_data/benign_imgs/f4c14fc2866019ea8367353e30da7912c86cb98da4cdf8d40b669c44a8284545.png,25
./benign_data/benign_imgs/29b946238beb2a8c557a8a883b6666f3fe7314254fe61e067037d650fad88a3d.png,25
./benign_data/benign_imgs/2a053f32b1d48539e3e2807f86754be87ce95b08378467e66cab2bac0e67a825.png,25
./benign_data/benign_imgs/29f465a5a8a791d2aba88de33e84e74b7fd8c47c753747ca7b45b24d7121a9e6.png,25
./benign_data/benign_imgs/29ae907901b116a8d656672706e9f3f9467c84c914c47a65176c6a2e9a428ffe.png,25
./benign_data/benign_imgs/2999b0709f50ed5026039496142254af172990a50e2a6e1d327b7cb94b072f7c.png,25
./benign_data/benign_imgs/d344483585dfbca35c3ec890b155c0a956a22d05fbba429362b139c2f1ce2a60.png,25
./benign_data/benign_imgs/2959c295d8505b6e8bdbc2fc82d998ddf32d3613c1a50cc3dfb2f43b2f440717.png,25
./benign_data/benign_imgs/2947757db8135ac19893707e98680aa279ec99eddbad267d8f20ffd9e4e2feec.png,25
./benign_data/benign_imgs/2889b601d0a0bbee5951f47adc2ae627708b9004ee4aed08ce70bfef492a2f84.png,25
./benign_data/benign_imgs/3b812075fee45f45ae2d9801c25eb4cadef412b703a1df9c29060bad61fbb039.png,25
./benign_data/benign_imgs/3b120c2b06afd93fc3c84a98c497afff4d93e64168ad809498f86568600b38f3.png,25
./benign_data/benign_imgs/3aeec86e232b09526dc62362f3d37c010bdb962eb31e5a18f2e781aa25423033.png,25
./benign_data/benign_imgs/3a26e84b22e7665a55f0857da23a05e3ef3ed430242b6f7635909981cdbeba94.png,25
./benign_data/benign_imgs/3a44fa455ada6aede5098355efc22825ac336a3faa18d7695054fcf3a7bbffc0.png,25
./benign_data/benign_imgs/39bbaf0755a1f571d03a1e77a578f59bc5a11635270ad758757abbe55bad8e30.png,25
./benign_data/benign_imgs/3a001b8c4d0e52362bba32d326158c4fbdbf48cefd49e5b1ac23d77bca98093f.png,25
./benign_data/benign_imgs/392b91d6f81850708be8fe0cd10ba983a50d0ffb51ec40af56008333fc43af89.png,25
./benign_data/benign_imgs/387d26467015fe41d1a694b0dc9f3a4a52e7e57f4ec0cfc63d636bef1d9f4df7.png,25
./benign_data/benign_imgs/38515483413002d884d7354be2a724117ca9e6b0baecfc9d47292a194996f72b.png,25
./benign_data/benign_imgs/3846f2ce94d43e9ef6c08cd0abfb5c6c6c993b00d8690bbea40cc525b44cc0a3.png,25
./benign_data/benign_imgs/380616b38e867f0d99ef4666f8d551e97ce56e83be29fcd4567e68b95d707d01.png,25
./benign_data/benign_imgs/37df607966b7219faf58bb94e931b455b27e86c52c54878307c9a4c564067cf4.png,25
./benign_data/benign_imgs/3777466cacecedcab6f2e7adc82cfc5f18c0c7f41bea1c68192c4027d53c0d0e.png,25
./benign_data/benign_imgs/37df0036b3a3d49c4d2d717ae8cff0576811b9a2726fa3b044af5934a48f48f9.png,25
./benign_data/benign_imgs/377c0e34938c5c87ce613c5f2ea64c702baa55d2368c20ab375ecc8b605d0a76.png,25
./benign_data/benign_imgs/3686c09b2a7755811095196bd155757b5316883d27266ca2d808ba38b410163a.png,25
./benign_data/benign_imgs/373d0778d083a04943032826a3571e5e8d450a9535f5a901db43c791200a774d.png,25
./benign_data/benign_imgs/346fb6819d138bee09beb553c8ea03c46418f963acae909997e365c07e0d6519.png,25
./benign_data/benign_imgs/35a2d73b7a196673c4056e18c44729cf65806f55763aa6c026776f77509b3344.png,25
./benign_data/benign_imgs/343564ae7b089278180f139230e02a587598bbc10ceb2ace00268c63127a792d.png,25
./benign_data/benign_imgs/3432b52dffcbb380c081d04554bb3d972d7809c7226713cc27ac04e9df27d362.png,25
./benign_data/benign_imgs/341e757fe21e236ff2162c678f940558196ae1988a5f5efc4a4b25e425fa0ea0.png,25
./benign_data/benign_imgs/3422f2fbef0b4135b4e85c7bcfeaccc2a399ab2681080bc53733628af6b215b6.png,25
./benign_data/benign_imgs/33aaf68843e2936dfd3665e5cdb76a3d5372fff42fe66f4f2b35886066a0380e.png,25
./benign_data/benign_imgs/33a5b015af1ecd057057eada64b2f8fe3633b467bd43454f5278f76b94cd09ab.png,25
./benign_data/benign_imgs/322faaaa59d1a8290462dcb75abd05deb645689b4516040a9f0e848e57b92577.png,25
./benign_data/benign_imgs/32b52e6d9366292f8664518b887d37b551d9fc911689e5c0e89d33a69f526e5d.png,25
./benign_data/benign_imgs/31aaba443b9869e6e68c17125f8d7989cbd762fb38ae3a10e58f4759548a7745.png,25
./benign_data/benign_imgs/31a079b5bdd155cb58860afa1e068f8564d7a4a9492aab347e35a724db1849e9.png,25
./benign_data/benign_imgs/30fa3790d2049953b8063d77689133c712e58df4cc4f9cbbbddaa96bf79941ee.png,25
./benign_data/benign_imgs/311129b9debdb192020e2038697de1f23bc8572d02dfbfeb742b3f603df950da.png,25
./benign_data/benign_imgs/317bad4e1c85573a0ed69433dc4be1055d61adfba88b18fbdd2289d64183fa6c.png,25
./benign_data/benign_imgs/30e76f37938413ff5ffcd80ec35bc4ca353a64a5aa3a197a00cc23eb11ad8f8b.png,25
./benign_data/benign_imgs/3069656c32874d84e7cad06b4c0c39fb43393bfa8c57c1afe806eb9990f91c07.png,25
./benign_data/benign_imgs/30cf13377fc9fa9252c194acfbf7e9458f4625f4754da5ccb625f98de62b6782.png,25
./benign_data/benign_imgs/308e8bb2e8a3b67607d2454370e0b50147b42049bda8130ee519e0de86b8a9ff.png,25
./benign_data/benign_imgs/3088b3479bf282bffbb9929a6acc9f61fe993f7ad51cfb2917205d2dbfa1fbc9.png,25
./benign_data/benign_imgs/304f34f5a9d1c1c7a3fd894dd93d8b6616a615600d475923443bca4e7587c9b8.png,25
./benign_data/benign_imgs/4e526c15684a2c7e327d1a5e54d0fc3d227bd6fd790cc5f495111a09c0bf74de.png,25
./benign_data/benign_imgs/4cde1735b0bd09f0ad3ca84856ac023f212bc5732dcb19f8ccb1aacb0f75bb61.png,25
./benign_data/benign_imgs/4c6107c9c786e2de5eadd721580372f6028d66daa3d4d2ed9489106ac6d1560e.png,25
./benign_data/benign_imgs/4c5a4bfbd6de5221c044b95c96fabc094fd854508471f9d7cb3890853ea318c3.png,25
./benign_data/benign_imgs/4c33d7c85ae6b19144edea55df4663fb476aaf102d86d812e624f22ae9c81213.png,25
./benign_data/benign_imgs/4bbd4db544dc9fc6600c983bba42b07f3e9ada5501f2ec0d011c04c065f3eb41.png,25
./benign_data/benign_imgs/4b86fc33172d0d3081164379dbbca8333f5f3eb6c75c7c82281332fdabb5ef8d.png,25
./benign_data/benign_imgs/4b4b883c0dc34f9d796e32532c3197090d09a4ac5094989a870e0370a8bd76d0.png,25
./benign_data/benign_imgs/4af3efae81865be6f458e37dfe10e31617f2151b51df89cb699aaf6ee06507d1.png,25
./benign_data/benign_imgs/4ac565360c199789ecfe2405a2093a8060e6c2a3478409be627aa7cba6f48951.png,25
./benign_data/benign_imgs/4a495b476cc33e6be712a77184626725ec10e3f31b89d3c53010bd620bcd0cbb.png,25
./benign_data/benign_imgs/4a43f1eef4605f99278e609a8d372bc2386fb8f63ba6999e3ff5c3b80142a6f9.png,25
./benign_data/benign_imgs/49faf4c5558260bd21805db8edb29d3a1a5395a9ce5f93edd73d1eb87f360317.png,25
./benign_data/benign_imgs/4a36f7ca6692cc55714e1c22ddae1a9ab19227db467c064922b9bdb78859ab02.png,25
./benign_data/benign_imgs/49a7b41b6e7c4fe1fc05b022ff16e01d6e1cc88d855b70871213d7bf30c41023.png,25
./benign_data/benign_imgs/499343bde27d6c3fdd112b1ae48656c8e62e3dccc1fe682733c597b37f0a664d.png,25
./benign_data/benign_imgs/4963a6954c4cedc517c349d72647fb30dca5f8ecb9d27034ecafa9a39e262701.png,25
./benign_data/benign_imgs/492221cf511865f5f26b2a3acab04d136b798fa93356123469e7a6d4acb6d6e9.png,25
./benign_data/benign_imgs/499010e852571b6bbfe8e7a6b9f396283efffac99fd844d2ca390e61aee2ce8f.png,25
./benign_data/benign_imgs/48bb6fd2791074d268a49c4d74c979defd436d9f6d50befe1fba6e5ff4504888.png,25
./benign_data/benign_imgs/48f477c0e4bbd9090ccc351302523fc8db1d9a94ecea1a7d90059e01757dc8a9.png,25
./benign_data/benign_imgs/48a9a72aa60171651952026dbc5cfd00a1c1c203077d3886235ae9bca511a103.png,25
./benign_data/benign_imgs/48331be81db4474aa078c976b4635737b87f10974b11832fbdcc387bb6869fc8.png,25
./benign_data/benign_imgs/47f2e16177373b0f0fc9ea80f468030c39808d1a8c72271f71a7358a4a1bc0e5.png,25
./benign_data/benign_imgs/47b3c091ff42a93e913d777f5db830f9ccc2d150ce610d4d7e74c8c0f7510167.png,25
./benign_data/benign_imgs/47345897afc335e518e03bc2b4afa016dd8cbe33cb79b1a02424310b769a0e56.png,25
./benign_data/benign_imgs/47ae084ef854a1c6664595f4369b15d386c95219f850584f2ae9e65b41c6441f.png,25
./benign_data/benign_imgs/464d6f177b27f77e27c20eba1dc0ee6e85ec4eb1715043c6af6deffb63982fd4.png,25
./benign_data/benign_imgs/467823968d057c72e14cb0dab019c232231b7ecc34f55225b259627e3b05ea1c.png,25
./benign_data/benign_imgs/46c629e4918166b75671f1fa6a6f467bd1948abbf0e9e4ea30f5d0e5fdfd84f4.png,25
./benign_data/benign_imgs/464262da62722cf9540fa2bff1c93b65c83254cb5be47272593d71adc31daa79.png,25
./benign_data/benign_imgs/463821640265e75e16ca21d4c3977d8bddb774c3018227e27d6b63352e599b6e.png,25
./benign_data/benign_imgs/463046a6d4263478667cb43d534df3cf65b4e3b26a71ccfa7c3d64d29e2c6d8a.png,25
./benign_data/benign_imgs/45de04fff6b76075a2bf0c2354e4d8951b390cbe72d0e5c53b162228d6489b9a.png,25
./benign_data/benign_imgs/44f4cc87b43e3add1d1b9b75f1e4e3b5b0db549349c0f554ff28eaa0312c96ab.png,25
./benign_data/benign_imgs/45d82ff82b57f8403e6d0167f2e8c91f682f43dead77b74870a01a56a78a0652.png,25
./benign_data/benign_imgs/456f313edbf89371a27f0c30aafb0cd5b048af299f443256b4e4da3aca78e49c.png,25
./benign_data/benign_imgs/457208d67a63689b65a6d209b95ec1e3714601fc1d96fd5b1402d5034a448931.png,25
./benign_data/benign_imgs/44def887eaf39b6e4a76daa8c59ecb34baa30035825cf5737690d8fc8379ec94.png,25
./benign_data/benign_imgs/44c53c1111a6cd1c02567d9afa2465ba6eb3c01ed485663586af1d442f77d493.png,25
./benign_data/benign_imgs/44b6a440aa28893b3a9d20a9d3b729a3da38e27934db839b7b427331f814319d.png,25
./benign_data/benign_imgs/448f6390c213c83f2f8d874047eeb80131a522a0751020a21a2e413cdb8b3675.png,25
./benign_data/benign_imgs/42f9e10113f04d60ab45760862f8c371e9d1a3f5f6f3d9457ed5d1f299bc0a38.png,25
./benign_data/benign_imgs/42ad5682ca815e21b8c44e3863b202e47ad3bcda209c0bc8484922d6dbdf31d5.png,25
./benign_data/benign_imgs/432abbae25f6b91a977bc9f75c4a8edd3bffa5d152d67eb8a358122aa82770e2.png,25
./benign_data/benign_imgs/43b1d7cb1a978bd95a2c7e024401e960447883f6033e48bc4c1217dc9ba924cf.png,25
./benign_data/benign_imgs/42fd07c963c0e20be60de897497fb7783eb25f09480d9a03ea3d462182b08a74.png,25
./benign_data/benign_imgs/432f3499c38a069b0eccc1f19b11d13760da2dd6fba517f215e5dd03285f9b5a.png,25
./benign_data/benign_imgs/424451b348b3596f08e28772ee3afb3f16676687f6192746f132394c25112814.png,25
./benign_data/benign_imgs/41fc284f5c860580dd5fa32de705b66be97cb01c77c9d0aea3acbe38a5f8aa96.png,25
./benign_data/benign_imgs/4197fc76b3e00145191b260c9ae8e98531d966202669ad39d34137ce303d3566.png,25
./benign_data/benign_imgs/413313e7920c29dc1219593edd2c4f8d5374f4cbcbae43ea61d6a3948c8de779.png,25
./benign_data/benign_imgs/410d442aa93e4a593e651da540c0debd3f60d150671529a461c1c73a7f82473c.png,25
./benign_data/benign_imgs/40f0b1743dd050949c942debbbaf87b3a070ab87d792550bf9320032ba214fbe.png,25
./benign_data/benign_imgs/4095c33ca52203420d14bf3402cdbae1f237a221c270fae8b302a0e06664ad6c.png,25
./benign_data/benign_imgs/40973d2b21fc99adda02a0785133fbf4ec53602d8e26c79503ef357234b6b579.png,25
./benign_data/benign_imgs/405865f8af5ff082926927140e1915d1f77f63d3dcd703b3f0fe72102fd80abd.png,25
./benign_data/benign_imgs/3f3fe9ecad7f30fc80cdfb678d7ca27a30d0575a73818746e98be9170d3be348.png,25
./benign_data/benign_imgs/3fb239d7ac7719328c58a1eb3ce2abd900949b6f6e5d5db4f95852325bf67473.png,25
./benign_data/benign_imgs/3f1bfc4be00fa0c07778a986e81bf21453ba45f76fecd261d7e88e7db76a15a1.png,25
./benign_data/benign_imgs/3e95000db27b940bd46d62b8117ea9f3bd4ea9ee203fc54d1244deb429e6785f.png,25
./benign_data/benign_imgs/3e917376199b13523dfb4fcc445583d9df0606ad0a6a02b111d8a3ee6b71e117.png,25
./benign_data/benign_imgs/3e71f762320a9af8159d51e374a64ebd4916a92e3de3be8dc1e22d86410982c5.png,25
./benign_data/benign_imgs/3ce6f5e9aee5a3f921d1a21144ae5b7b557dbfc7999f282adcc2fc522fc787bb.png,25
./benign_data/benign_imgs/3d8b868359f623a9441e336d32c360352bf819114052599d3c85ab69e60d1de9.png,25
./benign_data/benign_imgs/3cefaa966d5e204fe6601160e7ba4d27910437bd1e83b8e0e9f2c4c3de210227.png,25
./benign_data/benign_imgs/3d1ac5f16b486805bfea6e9152cc60251b7e8f4a8580187afef978347e523f46.png,25
./benign_data/benign_imgs/3cccf40d984007ee8b64fdb0216efa50e850306531dd3f4ac7710a6dc155351b.png,25
./benign_data/benign_imgs/3ccc132059602cbf7dc3acf61a7f83d443a8379a784cc660575858bdb455e6cc.png,25
./benign_data/benign_imgs/3ca96b622f4af8cfdf1d65b9c1c2ee118bc924753ad95d3376b97c6f08153a54.png,25
./benign_data/benign_imgs/3be77cde3fe49040e294b6e4b4fceb284fcfb65279fcdcad9dc087d2d4406058.png,25
./benign_data/benign_imgs/3bc5906d625e95dfb4744c2baa1e1a5d1b3f73ee663cc149f02ef7eaf23986c0.png,25
./benign_data/benign_imgs/5e3f8b7e643865d49cd9494de2b6fe96b46f9644b034e1f78857ea12a2b10a0c.png,25
./benign_data/benign_imgs/5e2f6ccab90816da98344ffa18c6e0893aba6bff018e6893fae38b126306b283.png,25
./benign_data/benign_imgs/5ddb5815973d58798ba373011bf5a5903bfd9b270c4b648032aa7d19153a8f56.png,25
./benign_data/benign_imgs/5dd566d349a0718dcc514094de7384c369f66cb593fdcc395d1df0248d59848f.png,25
./benign_data/benign_imgs/5dcf031a4bed052dda60d8229b23a9db53b012868f1012438d40032835ac34d7.png,25
./benign_data/benign_imgs/5d62d79f6555d7a7edaf3b175312b326df779f9ae8c893e2182e4159f44c9d34.png,25
./benign_data/benign_imgs/5b231372f1e52b49526215deebcfc997b9dd74d77cc35d9cf78590480e51b1a0.png,25
./benign_data/benign_imgs/5d2e1c132051f3b80a0e39b5d4efe255c1e339614d2861b1e017ff1574610dac.png,25
./benign_data/benign_imgs/5b3bb26ce3cc45e3f9317075e2018d429ca2d0203bd6c41eda16da34bc0b8ccd.png,25
./benign_data/benign_imgs/5d2496409bc45e1e74efbc0c0802af37b26f077beb91ae8ed55ffb0cfe4bdc79.png,25
./benign_data/benign_imgs/5c1af46c7300e87a73dacf6cf41ce397e3f05df6bd9c7e227b4ac59f85769160.png,25
./benign_data/benign_imgs/5a696ece3992cce14c8770ae03b42ddd2a183b53e62a6808593236dbb71b6d15.png,25
./benign_data/benign_imgs/5a63c01f80e137c588117dec2a9ae121d27b8a57ec40ab77e7e5a94a75be2db2.png,25
./benign_data/benign_imgs/5a0f4fa2c578675590ac317e392f78abfc19577a7f8c964e708a1ad436e58a37.png,25
./benign_data/benign_imgs/59d1674d83fe80a3c9a467f56ae5b1d106678a307c894dc57f8e98d7ed69358f.png,25
./benign_data/benign_imgs/5a071e20a23c845332e288fe02f2601518c8f1c1de1871d24a0530b09841157f.png,25
./benign_data/benign_imgs/58ca3057238728279442ee5298e640cc97026073403acea93a206c37e5e02e7b.png,25
./benign_data/benign_imgs/59cd1d0af53ea03abee50526e77074de7dab2ec4e3bae4293c0bfcd89b1898a9.png,25
./benign_data/benign_imgs/597ff38555c0fc36b1502b5f81a4262386621b795efad580687ac8ee879dc829.png,25
./benign_data/benign_imgs/59c8343fa81d51d03b88ddc9a881a23ccfe2d7a4ddc29d0f5c68b289fc3b8dfc.png,25
./benign_data/benign_imgs/582a76c2ba2b438ad4e1660d853f437bb817c03000f4b91273b182de47da8891.png,25
./benign_data/benign_imgs/58b5e00312deee5474cf42f0c86664254ae7123055219c342a80ab5754e48bf6.png,25
./benign_data/benign_imgs/585801ac3336bd64167c6694321862633666c02f2f040fb45b5828878572cf5e.png,25
./benign_data/benign_imgs/57d78efac696eff08c83318b96870640b6e36baaa3bad6144467df73fea872ac.png,25
./benign_data/benign_imgs/57a7f3fcf95f8b8fa883c30c9098178754551852e2608ccb61ddaf6c182ad99a.png,25
./benign_data/benign_imgs/579fe6969827c1f6e9dde0fa440d671bde7658d06c525a79b3f227d3f34a71a7.png,25
./benign_data/benign_imgs/5791dc7e037378836acc67a148a3b2b7def8825594bc53cc5f2524b270fabc15.png,25
./benign_data/benign_imgs/574fdee6f02885494fade6efab72183f0978a39eea34dc5c2b1ac738c238da0d.png,25
./benign_data/benign_imgs/56feb0c8cde725df0111865170d4c6cf5b8cd395ed07583c3addaf0a6af0add6.png,25
./benign_data/benign_imgs/5677d8babce093f8b67ae7bda6ec28b1f9196a8398c7fe482ed7eba03272ea26.png,25
./benign_data/benign_imgs/57432324e83d5d2be87d7ad01ca3687143eed38b3d049cfb327c5a26f3bf4a01.png,25
./benign_data/benign_imgs/572733582ed2076416e035a1d670d12d984c8d56a1b94d9b32e2c78b8fd1f9a7.png,25
./benign_data/benign_imgs/55fa4e98f25ec101acbb40a2d2732041c1abb6b6e5b3d6d9ba7aceaceacb1d25.png,25
./benign_data/benign_imgs/55d31ce16027c980ede272d4653075b8305ba5667bbf3e5ff11314697d54f25a.png,25
./benign_data/benign_imgs/558a14d8e2ff665755afc5f80b4830b08f956e2eb01daa8568a9f9c714f3671c.png,25
./benign_data/benign_imgs/54e561415b0867b7cce3df578d76b77a9267a8aa3ddb89862a3ad493fb13aac0.png,25
./benign_data/benign_imgs/551a6250ab06a2a6144691bf47bce3439a52377c3dcfc3a192a11c49ce5de8ee.png,25
./benign_data/benign_imgs/54e26855769ea12c6fc9d4d3ea5c8e8a09cc4ea3a11865adba124f6d77d48de5.png,25
./benign_data/benign_imgs/5557f65b4b69c3e332f244dd0138fa4620f78abaeed6230ee1c1d0bdfcd1ef57.png,25
./benign_data/benign_imgs/54b700b40965e1ca937bba16365fc3a52a6de8eff1bd8c11a65bd42aa3ace1cc.png,25
./benign_data/benign_imgs/5479b276f6cf9781f2935bd8c761ffb19ab9355520de4a7679a3372c3b90254b.png,25
./benign_data/benign_imgs/5463e1487d69e3f0cb372cba067270bc39639bd8c8b333b81f99ae26ae3e881d.png,25
./benign_data/benign_imgs/544a20393e3e0c2935924ee0b5826bc65ae6a256fc041a865d4e84e3c1cfb4d8.png,25
./benign_data/benign_imgs/53bd916199723025efd5ec37ae18aab1d1e519ea93e135b38e2b70cc4abf1bf6.png,25
./benign_data/benign_imgs/53b9f1204f512237fc0b8969ae2c98d1ed3d904e4acc2d096a2e3d9f6577fbe7.png,25
./benign_data/benign_imgs/534c62e83426371cf47f8896702e216df5951be50da73a0fdbd26d2f7333105a.png,25
./benign_data/benign_imgs/52def964142be6891054d2f95256a3b05d66887964fcd66b34abfe32477e8965.png,25
./benign_data/benign_imgs/52853793d20bfc3c53763aaeac55b30a7bddccfb9fd87d39f97dd0afb5fd2001.png,25
./benign_data/benign_imgs/51bd880654939f595158f3da086ce3b4e10bca532fda5b3c03033ac55e672ae7.png,25
./benign_data/benign_imgs/52e5ccee227c8383423207f90090c8583d2cf019e761982320cc80daf84d9d06.png,25
./benign_data/benign_imgs/52fd1baa60c9e16af74b9e71800d763eea08fd6f84a2b609f6abc4838bccf20e.png,25
./benign_data/benign_imgs/51ee81dbc0add93b11aa0d4ad02308243c1c194b4bed94722cb18bcf8f2836cf.png,25
./benign_data/benign_imgs/52331ce9821107dfd22d6e7ec80266d164cabf83d6e2fbfcaeede91c979858f2.png,25
./benign_data/benign_imgs/52041cf226f57b8652c9da6c95f53d0408ea3732dfadf82f6dfe6fea8174b8dc.png,25
./benign_data/benign_imgs/514e2aa45bf1034dc54acfbaa0390998a16bae0286159d6a152a71922478dee3.png,25
./benign_data/benign_imgs/513c8fdd0e211a18c25836f041ba0fcfb1dddf472ff91b72b6a15eb049cef184.png,25
./benign_data/benign_imgs/5052ed5ba5435693affdae0f4fa7c388ab993b4f9c7a153c8e80800e7aabd512.png,25
./benign_data/benign_imgs/50fd4a601f5165a93a50bdef41f255f7d4242c31c4413095e9d294f7029c1b3e.png,25
./benign_data/benign_imgs/4ef9eb58224457492f674fb550761cd13b7e6031186b801577194a05719d4f43.png,25
./benign_data/benign_imgs/50e2677453fb89b7ba30c1e93a8bde682d4cd2ea37cfc3a8652b5adfead9e573.png,25
./benign_data/benign_imgs/4efd6c2d5692fd45ca167fce0b8a07f87e89862a6b4e2f04ae49d4113539440f.png,25
./benign_data/benign_imgs/4f6b4aee23bbfae817a548ef9d8697c721107bec33b303b22ebea36fd65c663a.png,25
./benign_data/benign_imgs/4ec1e44407cc7874b875e2850962e0583a97486b29578cdd4bcc21d7e1d76004.png,25
./benign_data/benign_imgs/4eca420c432726b177f36ef2e26165cd97c690c872cb5f3f19415cb7473e8ada.png,25
./benign_data/benign_imgs/4ea275757f53c5793c27078748cc15c076565b121f3dfdb12db93981ea76ed24.png,25
./benign_data/benign_imgs/4ea6fb35bfa0deace0e149557d73a99ee858029e33bbbcaf5cdf5aefb21ffb80.png,25
./benign_data/benign_imgs/4e5aac1267b4dd6d72ba7903928e3101fe0088af21611cfe6ebae5919ada75ce.png,25
./benign_data/benign_imgs/4e9a86ffd569063308627ebeb576acdcdbf76b03c68aac783c0ff64eed7354bd.png,25
./benign_data/benign_imgs/4e3b3bf5ee097fdbf0b595a37261eb70683a3c59e15e6aa616e313a7134a48ea.png,25
./benign_data/benign_imgs/4df54b01e012216c2c376c7f4a2bee56c0dfead5bd9324e69d774274151c9a1c.png,25
./benign_data/benign_imgs/4d42711b63f90ff9af3d6c8e4edb3ff08cab6fe5131d9a43f4d10d1ca51f7378.png,25
./benign_data/benign_imgs/4d9c8986794f31912c44836959dd291fb22d21f12e0103a535cff6e7325a59e7.png,25
./benign_data/benign_imgs/6ee4dca852ae3b8f2fa3dba67bf58ea089d1ad5af0946dad3350339877cb7f29.png,25
./benign_data/benign_imgs/6dbf6b578f0642bb6de9f9f9e2e92939c0580bfd0cd275475dbb57fcb1107b61.png,25
./benign_data/benign_imgs/6df774a7ed523b867cb9bcc2f56d95db134f8f668c5c7dfc6843665ce2e966b9.png,25
./benign_data/benign_imgs/6e4849e0d92ae82380bf4bb6773a1ff27863038838a021ccade723e2adab5d73.png,25
./benign_data/benign_imgs/6e301f788993268ad839c6e8b251d6b0ee14bddbc9a655bb7e4474524a6d8994.png,25
./benign_data/benign_imgs/6ec6507c9d9332e7d98f7ba4c14d8fa326e581894e266c72841cd4c2dc894bbc.png,25
./benign_data/benign_imgs/6dba2e48aacc9b2977159dd63f2d460cdf5781fec590e6b4fac04f6ace12f868.png,25
./benign_data/benign_imgs/6cc0bfebc5c343dfc1d453cba78fbfc08a09de0a00f2fe9c86c0eca9817a62df.png,25
./benign_data/benign_imgs/6cbeb1e7555db4f22329195f26b455c475b79ece4b4b9566b94f91a94cb5a0d1.png,25
./benign_data/benign_imgs/6caffa7c8e508569c7855512c7b36e00df52d13779572dc939e3f39a4948eca3.png,25
./benign_data/benign_imgs/6c29fa22f01232ee015ac027338ce7b69745844fae51d7cde0916acd371f3bfc.png,25
./benign_data/benign_imgs/6bc1eff62faa5b54d178f25b0d5e4942ae310aa92feee3d2d99a8001b04e57db.png,25
./benign_data/benign_imgs/6bb70e81edc34e15d9798b317300d7758042db033a91efd7a40efa5e45a3cfa5.png,25
./benign_data/benign_imgs/6b9fd5fd1fccd516aa8034ce8c1ec62ac7470f8b77b06b23c7fea2421f254ef7.png,25
./benign_data/benign_imgs/6bf6ce66b3cf86b96f4764a7908154290ca9f14915508da83d1676f14f54d097.png,25
./benign_data/benign_imgs/6b9131d94ed31f838b1820ee67f068c4741b69d5c655587c89c9477986bd270f.png,25
./benign_data/benign_imgs/6b8bac4f5ebde2f753eb93bc91b3b2619e8f0b0a74521d16f4ebebae0b2e102b.png,25
./benign_data/benign_imgs/6b4ee9dafe4b1b93c2a9222d39ee50cccf593c776957356031a922fb39a3c2ba.png,25
./benign_data/benign_imgs/6b8d1a1f785c103e2d75702c22491d1b3942878bcba7965c9f6b2ec46440726d.png,25
./benign_data/benign_imgs/6ae58e05e226ed3476b1c3d8463dd49c7ab0aee54164f69b491780c7b4ac59a4.png,25
./benign_data/benign_imgs/6adaf93fda108331512c279e967f55379586948ebbc3dab4746e3d13d4736d97.png,25
./benign_data/benign_imgs/6a60926626497bca4820e7841e257c5db09764c030e2f57b13124b83cd326329.png,25
./benign_data/benign_imgs/6aa04e0e76bfc243beee6d843fddc6689dfdada630dd08ccfc1863db3d8e3540.png,25
./benign_data/benign_imgs/6a79c28a86d7c88e8179cdaba8d357bbb9dab05bea990c026b67a594c2fc3372.png,25
./benign_data/benign_imgs/69df4166f03247f9694d0300db13485c0c6e4a4cf1b6968118fb4f0f9cf846dd.png,25
./benign_data/benign_imgs/69b5a97bd24aee318b2afc50506bfeced8ceee010cdf8268522ea9b5e912ce84.png,25
./benign_data/benign_imgs/699587c3762e20354daba4ee9f20d7fcaa257f6a1007d0f9fe8a89c8797f910c.png,25
./benign_data/benign_imgs/69828c857d4824b9f850b1e0597d2c134c91114b7a0774c41dffe33b0eb23721.png,25
./benign_data/benign_imgs/68c73e7c17fb1e16c4f6e906219f283412bbebe180dabfe2ef0e1b79933acad9.png,25
./benign_data/benign_imgs/68d7f06712dc622880acf9c37f9d08e3c72d48c0016ca1f69f1f386df5f234cf.png,25
./benign_data/benign_imgs/692acd7aa54a1c159f7e09625bba47dfc6ce2ff6aeab9140550dc5a3b744a49d.png,25
./benign_data/benign_imgs/6894a24537cb8d6ce78d1cbbbee91c33d41f12e031f397b78eeff3617803f98e.png,25
./benign_data/benign_imgs/686bf1774b5c836356d355f0685c9ef7e937283a0064f703249a5086bae27531.png,25
./benign_data/benign_imgs/6778d6756f384d4cb9e93b058f29fc6c5d8623e0b5ed81ab48cf10464cbd2609.png,25
./benign_data/benign_imgs/6771a75df81f13fbae25d95cab75541a4f132ef7eaab1e501338e75681de3ec3.png,25
./benign_data/benign_imgs/6740a717633566873388570d00cf64676f8249f65006bdda0c8e90a426655458.png,25
./benign_data/benign_imgs/6719c0eecd26a1f435351d8f8ebb77798126c348f8b3e1ad4f13d660240709e8.png,25
./benign_data/benign_imgs/67fadfeccc66c338d0575516ac5acec9788e5be437e6924478292f92dcd4a8da.png,25
./benign_data/benign_imgs/66e164388672cc2a63fe9cf2b600c901a321dd7c8d8be421a7ad5a3ebca048c0.png,25
./benign_data/benign_imgs/66a2604f0910eca2751e4d5eee487791cb0fcfdf00ba457a4aa4be4b32f6d8ce.png,25
./benign_data/benign_imgs/667fba10a1775750b3b63be899f4b097841c71ce531f52366bd47b6b4c474a0f.png,25
./benign_data/benign_imgs/65c7672903a95032843cea3a9b0f1dca81a491e54f9808e848b8186272180310.png,25
./benign_data/benign_imgs/65fcae1fb6d6ba322a5b81629813609d07ff20c4f46ba805bc2817f565c5bab5.png,25
./benign_data/benign_imgs/66031dcf8d27466f6407c1ad670e95947914b02778831f637172244b83eaa296.png,25
./benign_data/benign_imgs/65c24eabb20e0686667eb20ceb2bffd985aa966352630ba549ddd15a1df20ab7.png,25
./benign_data/benign_imgs/654d8713c53d3e3fd49ec30dcb6953311862098974ded71e24d6481371c6274b.png,25
./benign_data/benign_imgs/6544a829f9f12862f119082a1c194be87d3cbaf588546bdba140a58c8cf89036.png,25
./benign_data/benign_imgs/65293714661fb07c84040ccf481e8472ed6665e881e33dab299b6392cabc9dd2.png,25
./benign_data/benign_imgs/65445303675931b6ccc3090176e6196f25bced4236b479c2753500878cd41ac7.png,25
./benign_data/benign_imgs/647ff3ef69a5e98dd602f79dc236659994d7b32f96c1828122ea907df388f360.png,25
./benign_data/benign_imgs/647df4453044059c24cfcc2e37824159f29474bdc0b5755ae1a832d019aba289.png,25
./benign_data/benign_imgs/647b982e39269e0aece005227fe7641fa2e21f54a290aee1b8b5519f05d97bc0.png,25
./benign_data/benign_imgs/64354378404d42f492613b144a6d0b3418261f27a380a8a4387424fe0e3ffbc1.png,25
./benign_data/benign_imgs/63f0221e6bc2cc48d63f079c46bc438e2c21f5267ce3ae11915d4e8150a640f1.png,25
./benign_data/benign_imgs/639dfb6bb9a11a0b1ad03c560235d9c36cebb009aa2518e63f0a374c8de731eb.png,25
./benign_data/benign_imgs/634d81d9020c188a9b3092ba5db2d70c988b0388acbe94ef954985b0cdfcc5a2.png,25
./benign_data/benign_imgs/62f1ad51806af5c9031851373f8c404e371514d3b0c8e236d6ea0cb488c4a56b.png,25
./benign_data/benign_imgs/6443dd554836f5112eda96b3cb18358aed61b5d8aa56be17456acc42d4458bc6.png,25
./benign_data/benign_imgs/62e8db45cb438205641ee57e8b486f0884ad6d4f3e8e5906f38aa157d301f718.png,25
./benign_data/benign_imgs/626a065b493acc0636e75406f146741896ec430ae30cb7cc2ebaf70cb6640afd.png,25
./benign_data/benign_imgs/6232e33d88d2cad0dbe0fc4324f63fb2b9ba833b0d14f7fd529ab52ed7c6dacd.png,25
./benign_data/benign_imgs/60fed726920afd8b17819574c96a58ae57b0d581aa39a7b760bb0642e6b21b3e.png,25
./benign_data/benign_imgs/61cab027bc8f67e6fde38a7ae1c01f813b1396aceb7ad8d0c851fd0645469bf3.png,25
./benign_data/benign_imgs/60fd82f9261ab7faf0d168d623c0e16f8b587ea7ec5aa441c3a5944f439cbacb.png,25
./benign_data/benign_imgs/607dad5ad1575af78d67f6599fb4182cc7a29ec3e09a1c2691ee95511a9139b2.png,25
./benign_data/benign_imgs/60b19233a71bb337521d787cbb5af4253c76de3c9f8dda52dc435feed3a27c62.png,25
./benign_data/benign_imgs/608c9793c4e7a8ccd7ac8899133de7ff7c6e78528fe1e4dc03e19999b435c101.png,25
./benign_data/benign_imgs/5fea3241e2e2c3232f3dafa3bf72c9ba0e88df2781f2a742d4369813f99ce952.png,25
./benign_data/benign_imgs/5fe5d832e53fe8226bba7150afe1f8b70775d7de3b354b638bf49809b120a1be.png,25
./benign_data/benign_imgs/5fd41a27b02e9e2c90fd4d98aeae32d41cd24d5efe80ec918c7ad7cc2514386f.png,25
./benign_data/benign_imgs/5f435219d06e44d63e9d5b7a234afe3ef384c94fc997b9cbd2f051742d69c790.png,25
./benign_data/benign_imgs/5e815f1124d3279bf4d593ecdf73f4d8e7cabc26e7dbf1148a5f3ed529531827.png,25
./benign_data/benign_imgs/5ede50d16c17c209d3c3da477095cfe3d21ecc4d22720c2f8c98540b41bcb2f6.png,25
./benign_data/benign_imgs/5e7a38f0b3590df5e5476eee02ca0bfe015beedfc1663a85d72d888604fefcc3.png,25
./benign_data/benign_imgs/5e87e24e81c8389594353639f3fe59b2ac4d5d1360a316f41c7b4edb7bb56f47.png,25
./benign_data/benign_imgs/5e83b73dc8eb0cf1ec380e703432609137fb07779a662a32c8f9c85087780a4a.png,25
./benign_data/benign_imgs/5e405415dc1a7d3c56e7e8d8b9b744ac3c2a275ee5f4b09bc09d63d6f7546e28.png,25
./benign_data/benign_imgs/857e2db65d56ec90bf7ffd3c51df4e9c577ca6576e399065f3220a5195e1f9bb.png,25
./benign_data/benign_imgs/84a9fc2e2c07213baa97f6bb3f8e21d050705c7fb2144493fd9cb1b805318fce.png,25
./benign_data/benign_imgs/840c32590029366c04f95295e354b811646a3ff15e4561eb7f325c7abde65d87.png,25
./benign_data/benign_imgs/83f87fd5b2e359fb2f25a012421ab4d11885f0c511840ce568770eb3abad455b.png,25
./benign_data/benign_imgs/83e40b278674e314ea6f50fd07fda54d109df8ce332a684763d003c8b2a864c2.png,25
./benign_data/benign_imgs/82de969474a42b8180214095219fa488c130e7599e00a472b05f4534a469df86.png,25
./benign_data/benign_imgs/832bdee44d637d7334b3300db73550de552988d6c15af917572eba6b0077770c.png,25
./benign_data/benign_imgs/829143bf8437b121fdaa057445c15d0d52a33db4e032a172e62ac5bb07493c23.png,25
./benign_data/benign_imgs/827c8b3a6a54056b200d288c60b29c59e4f67dd9144e96ac79ebc79ece4f4997.png,25
./benign_data/benign_imgs/82712982d5c88201bbccd4f788b59ae9e8164aa39d5415df9c609577b5e15a5b.png,25
./benign_data/benign_imgs/81c6fb4c2ce61eb6ca4d86f70f2c905a00c814b9fd37fd1ca0ab94a169165a34.png,25
./benign_data/benign_imgs/8263b2fd09374585546353e8b61439dec4fb6e26d547d5ebed7696cab7dc8060.png,25
./benign_data/benign_imgs/81c5ffc8bbff3f6b0f2ce30966a4ff8e964b3602343d1746721311336c453be0.png,25
./benign_data/benign_imgs/80d3d281ab93307f50f069426f8ddd133456a2d5b7ea8aa84e2fc63ffa96d630.png,25
./benign_data/benign_imgs/81b6faa1158f04f1c6ea4eb5f7cd446f51076a30f9ab03d31872453689a200ee.png,25
./benign_data/benign_imgs/809bb93af12ab0735cb76578c0cf7014cc84fadfcbf2a0daad5a73a239d94441.png,25
./benign_data/benign_imgs/808004d8cffa5ce5c2f28f029f8dac627b87b73b8de99e7cdd734094fa2bc584.png,25
./benign_data/benign_imgs/8000b908e67e565d8dfe7a968e0faebc0fac232e9c964173d8ff770f89da95d1.png,25
./benign_data/benign_imgs/7fbdca56ddc65972ff22388b31d87a3fc2da0b0ca44cfbcab3467e54a6fbdc30.png,25
./benign_data/benign_imgs/7fd2d6334786adf1849a096e5709201f708cf981273fa2179b293871be4f3408.png,25
./benign_data/benign_imgs/7f98f833fab3cbae22783a129d68a437556210f0e824cfec857999af7268989b.png,25
./benign_data/benign_imgs/7f68708a415404b0247e00e2a51cf6d9e28f61fc9accb93b46d3c9bdc05ad370.png,25
./benign_data/benign_imgs/7efacea841e47881128005d46fb5935088cd2f771124aff1d822be9f21a0954b.png,25
./benign_data/benign_imgs/7eef714fc5db03b3f45f8e2226e4c3876864f2baa13ca1730324147ca6957c96.png,25
./benign_data/benign_imgs/7cf512d74a58fe94c5662f4ee208ae10b04a48fc5473fc8785624b6887befd20.png,25
./benign_data/benign_imgs/7c7543e0da2da1296bb6246321fb7139f87632762a26ca5614a342fffd16816a.png,25
./benign_data/benign_imgs/7e9026b8987b75e86652ba7facf088180413c6d1434eeed09fe7b721d04ee080.png,25
./benign_data/benign_imgs/7c21cbd810ced68cb67605ca5d450b479c4e9c75c6c17b893308a3086bc17b0b.png,25
./benign_data/benign_imgs/7cb7866c3e824b4c7c63b32d5d558b211c9dff1f1aa01f048393eb154020c7e6.png,25
./benign_data/benign_imgs/7c2d18e6f7d03a7a94251043ac6f5a46e61586a34d1176e6192e2be2967c3a8b.png,25
./benign_data/benign_imgs/7bcdc2e607abc65ef93afd009c3048970d9e8d1c2a18fc571562396b13ebb301.png,25
./benign_data/benign_imgs/7bede57bc7d5e493a892bf339f23bbcd24c87eb460de7343b6cd068fcba9e3c3.png,25
./benign_data/benign_imgs/7b6a2c47f68bdabc73a7dc13ffc5d8c241419161c13f88f85de0e4ab5e5ca7f2.png,25
./benign_data/benign_imgs/7a6607db7115cddee32040a3a26f693de4c7aa57059c4476c3849d66ea145f61.png,25
./benign_data/benign_imgs/7ab4a27812e54a0a4ab0a952707f4e185eefe67c5466e9c47d578056e5dfcdda.png,25
./benign_data/benign_imgs/7a8cc5e06b39affec26b3f1bcaae3fae4a3c35aac0d2b5d0ae0509e9d1f06090.png,25
./benign_data/benign_imgs/78e599cb3c1050cc1c4dde26607634af8c56232fcfa744705ba83f689b68a4d2.png,25
./benign_data/benign_imgs/79d27b57b5e2128fb96b229198fff3be95816d4495d26d512ec27cfd7406d0b5.png,25
./benign_data/benign_imgs/78dc236cc76e06c9aa253cb95dc297eedb63e4dd1b98335b6cdaa64ce4b1056c.png,25
./benign_data/benign_imgs/78bdea8d1723fdce0295004b6d4de388ac42da4238f8af627c9db7e62865885e.png,25
./benign_data/benign_imgs/77a515e1386c93a5d4279ba333c7f5913cdbaf0c93fa53a3d20d28883583aa96.png,25
./benign_data/benign_imgs/782594ad768b6b36da400e33b9251dbf88b3eb7c3037292259409643191527b0.png,25
./benign_data/benign_imgs/77e5a7191c67661016b9724de27702246421684e21fe203db08c3484ab36c30d.png,25
./benign_data/benign_imgs/769b372eeb56fcbd790a01ee345f20c31912f71d59d4d9fd0d22f6d9898c679e.png,25
./benign_data/benign_imgs/7658b34b60b7762b6f7e3800ba71eb37a7ea1abe59bdf5ff645c7dbe954b0138.png,25
./benign_data/benign_imgs/776120defe19d7d4b09479b31c04185fa2772e379473e10331788d96dd8cb8fe.png,25
./benign_data/benign_imgs/7637ebd20f2b197995d6876d3cd4b01479614f5c0859bf8466b1ec956c6b1993.png,25
./benign_data/benign_imgs/7690b3f141152e6bebf78096aeb63413b8bf76f7c9bb09f70e1759705de79b34.png,25
./benign_data/benign_imgs/75d348a3330bc527b2b2ff8a0789f711bd51461126f8df0c0aa1647e9d976809.png,25
./benign_data/benign_imgs/76098cc2969c4a090fba5c863bb3bb52b5ce88bee46da9d46aab0252affa0744.png,25
./benign_data/benign_imgs/75618935566046844c2d4270687f88dcfe5b50cd9d670adb7bfb0db1b1070beb.png,25
./benign_data/benign_imgs/75b7971116bc93808372209737c5f272cde2b5409722dd7a13c5b780f98743ef.png,25
./benign_data/benign_imgs/755394b623e31d32f900de2f37ba04a0aa9a3c3c57dc34b8f5f4792f18c34196.png,25
./benign_data/benign_imgs/74c72500841035f639975bc6aa321c4a40e6d2080834d94f522353efe52d79d1.png,25
./benign_data/benign_imgs/751941b4e09898c31791efeb5f90fc7367c89831d4a98637ed505e40763e287b.png,25
./benign_data/benign_imgs/7485ff522f4662ae5c91a5248e82370d9f24bb6e548fe279ce9e9e824c6c4d41.png,25
./benign_data/benign_imgs/7481b61d95c45a5ebb6dfc318a8a62f1524f815fb8fccc8859b373570c049538.png,25
./benign_data/benign_imgs/73bb2538c8a42b16397858d449d8558d666918a17e272aa74934b2014482a9d0.png,25
./benign_data/benign_imgs/72c494406edd86560f4cc1ec5736b090df77b2736d94ef79236d3870958a3b18.png,25
./benign_data/benign_imgs/734db8a127eba3f56ceacddf8d784fb4c6ff0d9524eaf0d2f75acd698ef9084c.png,25
./benign_data/benign_imgs/7371ddedc26db5fb2d9080870a422d8f6236a03133dd74b5f8fc62c437cf1b51.png,25
./benign_data/benign_imgs/7320783c6e2941f13cbf3cdc75e649f6d8c1054175aa264693a404cec20f4590.png,25
./benign_data/benign_imgs/72bc39297e239de515b1384d1df053109eb71567ddc3b94cf7b27ad3a5ad31fe.png,25
./benign_data/benign_imgs/729d140140c3af5b46031f1a7652b159b08721afa80776f17afe73633800afc1.png,25
./benign_data/benign_imgs/71f59518cfceceeaa6ba958f34273949565d4176ec94a6f017fe992e09225a37.png,25
./benign_data/benign_imgs/7297a4cca5635208589bd4e8d7c1b090ac7370f3c0ef6759d7075b150cbb9857.png,25
./benign_data/benign_imgs/70bffc9c81bde425bbd3b2eaf54fb82764d15808f92e9338d2b954a5b912b43b.png,25
./benign_data/benign_imgs/71e8b80a35184e5061f69b61f3d86be5a03349c8bd0639c26c3152a02346c6f0.png,25
./benign_data/benign_imgs/7230968208169f32697afe22a58dd045687f5c64c5c20b0d0471e4b9aa37c783.png,25
./benign_data/benign_imgs/70985dabcf2497a00eb7fe4c21452bbcf7aa56db01895d130a8dac728b712668.png,25
./benign_data/benign_imgs/6faf6bc7caf49873d2c96592db1eb6fd65a19b1deae414640c1f5de4bdad136b.png,25
./benign_data/benign_imgs/6f32f8ac6b79b7686cf837194943a424ebf61f67e9fece3aacb2f7ea4f45d6aa.png,25
./benign_data/benign_imgs/9d535589dd8c68044fb45c10d2d1b63df28baad16d1d0ad4b187c91a23ee9c87.png,25
./benign_data/benign_imgs/9d50a4f9ce524d40bbd02d6e5d8a24bca6b1005065add4bafc69ba198695506d.png,25
./benign_data/benign_imgs/9c9ab16f3a94bde179d66cb45b1f50af58ec4b849ce103dafea33f5aef4d888c.png,25
./benign_data/benign_imgs/9c915242926dc9670f91177af0cd7ca492622a184de5af14a43d140800d775f0.png,25
./benign_data/benign_imgs/9c4078d401f7ebc70caa2050740e2562e1c7a2c98d3ff17e9fe590685ac647a6.png,25
./benign_data/benign_imgs/9be9fc05b07871d06030a535b277e451345c1398e537fdad2a0c9cf6487795f2.png,25
./benign_data/benign_imgs/9a38991461288014473dd1d6de00238a69d14ff36bc5a555ac4d88479da1e0af.png,25
./benign_data/benign_imgs/9918b2f820a89c49c64edb1fd322ec96d1d60d3e9b31b1cdcc7340250ea05cdb.png,25
./benign_data/benign_imgs/98bb99c8e2c267a06acd3f55a03a7bbd1770cb1c32a8cd31b44c6d66970cb219.png,25
./benign_data/benign_imgs/98ba00e70a005017c3665741803e8b36938fc9efb0c4821c675f2c100936c5eb.png,25
./benign_data/benign_imgs/9776d6321771a3d00c6e5f1eefaef41103936569963a61b6b321d1ee1ae06263.png,25
./benign_data/benign_imgs/96e1776c94c1177014f4c46d151e179607a130b217dac3a03a38e5d257f5ccca.png,25
./benign_data/benign_imgs/963330d951ab6331bb17ef0f6530b1443f5ba27578509543ad7d5fb48c49f21b.png,25
./benign_data/benign_imgs/96b5ccf8044c42dce6772da871ab5f9f01ccab554e1a3b8832c6397c1bfe9e7d.png,25
./benign_data/benign_imgs/9765f6a4ef2630731553c298e3bf079a7fd28d04413d0ed7dbaa697e81592252.png,25
./benign_data/benign_imgs/97b3a8f65ae3a3b6d8702923f3be4167626d0fdd249895adcaccc68ad370b735.png,25
./benign_data/benign_imgs/9698fe5597f8c7ede90202b7f4498544103c640724b8d2a94beceddb3e926837.png,25
./benign_data/benign_imgs/95a956b0e45c41a80fbc6b479226a9c6780da71e223ca1643cc2e060feea5977.png,25
./benign_data/benign_imgs/959d1fb46a3bb295e6e5d78525feedd5cde0c6c9d8c3a76dea01477d97f0e829.png,25
./benign_data/benign_imgs/959cf7ad86d1d9a697ff2161ea26f4825ab4d369b4651d3a3ad0e81e8416a2eb.png,25
./benign_data/benign_imgs/92fe8e8d5ebd4aab0c03651a8f0010078ac689eb32abdcef5902ad976e443757.png,25
./benign_data/benign_imgs/9578342358ff79b911163d709a9dc19cad65102a33405db7f97d6f26322866bd.png,25
./benign_data/benign_imgs/9368943831a6e1c8934f9d979c8af44f509a698345a1b20263bc0da7ab311ad3.png,25
./benign_data/benign_imgs/9292535bb8c3fe6006e25781381caff773cfcf64a0ed1ebf58674d3dd8aceaf1.png,25
./benign_data/benign_imgs/91779f713e033d6d181d1f08e523c1356e3466308f19436fb9ebbc95f9364af0.png,25
./benign_data/benign_imgs/958d50d5468cfa8909c5bef2476f88eb82bd112a6139c631601ff50cd77665b6.png,25
./benign_data/benign_imgs/9044fcea3ce128a94a4bf0da3dbe1b3eb98fb9c1c73c03e281a1dbd1dd10f685.png,25
./benign_data/benign_imgs/902a4721ddaba9f6619dd7920a9ed61d3835563adc44d207355feebd71bfa310.png,25
./benign_data/benign_imgs/8fe31269d1acd87ef39cde0b6f82a8a5088bb526eb3e43e1adfde86392901490.png,25
./benign_data/benign_imgs/8f03c75dbf16f2b3c9ec82f979072ac746499c950c86e56d655ccc1a943282f3.png,25
./benign_data/benign_imgs/8eff332ab33fde8c4e9145d620f7d9beabbd7075e46e45bc87167a2c66e604c7.png,25
./benign_data/benign_imgs/8e9dd45d81352c2fe6f6b6ab124ae81d2b6485dba434bd59cfe8ce44f7628b24.png,25
./benign_data/benign_imgs/8e9353fc3c070861eb933c7c33f2d08d7c015496e81b90d48d9ea6d6700ed1ed.png,25
./benign_data/benign_imgs/8e7eac5013699d34af9b001e61be38b410d98ef661ad11af37b356606eb63799.png,25
./benign_data/benign_imgs/8e5c8ac9bacfbf9516847f8f6421f408c323065ff4c61d9c0afc22beb7b9833e.png,25
./benign_data/benign_imgs/8e104cc58e62de0eab837ac09b01d30e85f79045cc1803fa2ef4eafbdbd41e8d.png,25
./benign_data/benign_imgs/8df9747354421c6cabbfabe94bef66f7ce1c5d8b002b4eb749c8534bc544b22d.png,25
./benign_data/benign_imgs/8d3e20eec3066ae31bfec63dfc5def83ec3fb788456c18fd6f7cbec9d7689cd3.png,25
./benign_data/benign_imgs/8d8491cb71fb375f6509a6521c09f685368530ba2eed68abc8cab2f45828a65e.png,25
./benign_data/benign_imgs/8d2e797d19c2988c3a18a7d4fd765c03cf1634df5738be1260586195bf232046.png,25
./benign_data/benign_imgs/8c3f76c2e9ee36bffbbdd67dfbb67c5823051f42f4cd3f2ce47771e28973790b.png,25
./benign_data/benign_imgs/8c953a78a471f5ed443a422f015d19ae58ad382a4383825b3c375e861cf25c33.png,25
./benign_data/benign_imgs/8cf5d337ce3239c379a6f64b6018fb5bf2d39ef7f48d813c1c882f5a239703ce.png,25
./benign_data/benign_imgs/8d042a417c37d48336b24ca108669734e259c3298072ee95032ca4ff94928b85.png,25
./benign_data/benign_imgs/8bc53c486cba7fca5ffe4dd43976cbaac6bfb24acc95d23da5ad5bc0e0689a3e.png,25
./benign_data/benign_imgs/8bc26373fc7a9bbdd4bcab1227d76970d25c070589dd24415c3c3a8fb02f6f8e.png,25
./benign_data/benign_imgs/8ca3475c4ea7f68cf9404ae41b3bcff001cc48e0ef4b0cb73ca9e1b7972e5a83.png,25
./benign_data/benign_imgs/8baaee3f0699d15a860e283880baebca72912df873c5b00fdf4d55c84ad06de7.png,25
./benign_data/benign_imgs/8b42292720589ce90e3d4b6d2eed1dab9f8f46827bf424975901902ccb6441ad.png,25
./benign_data/benign_imgs/8b658db99f95a84d2dade78aeccec5be93b25392ffc80f78b457c3523827e7d2.png,25
./benign_data/benign_imgs/8ae7d639819eec269bfa71ebb97af5aca69ea050b546d3330ed1f17965c2d3eb.png,25
./benign_data/benign_imgs/8b2bd52e65fa66c795b1b91b06a3c178d94351b5cd63a98ff6eea6f8b3405f26.png,25
./benign_data/benign_imgs/8ac39a906e4abe5d8c59f177c5ab92118f32fe0935c625a15a99df05998c381a.png,25
./benign_data/benign_imgs/8aaf7e97960e9bc08487682382b2dc6b3b290b0d120855353b893e453cdc4326.png,25
./benign_data/benign_imgs/89928b2405dcbcf9a3b2a2350eac872e4188c474527cd4ef61704ab2f17c2b27.png,25
./benign_data/benign_imgs/89f4d2249c33ef790f3ff03130161fddc3d4059bb7ae41e662014bd43f0f2106.png,25
./benign_data/benign_imgs/8a003a2f25c4d464c9123cae4467afd4b50cc05287b370c53494c472bfbc8b48.png,25
./benign_data/benign_imgs/895df1d66a5fa1f29d388d3d8ee9cd9f6ecbc51fab75daf17063fc72f20e52ed.png,25
./benign_data/benign_imgs/89518688079c340bf998dd98e1e1126f4d6e0f12004ec86e59ecbe03df1af648.png,25
./benign_data/benign_imgs/89441cca04cfaebcacaa194a59d78e1fee62fc3c608704401a2dd1035d71d8de.png,25
./benign_data/benign_imgs/88ec1f01619de1296a93e19cbdf9fd14564217fde42e396c65f278b5a0327a6d.png,25
./benign_data/benign_imgs/887b441cae08a83b3145bc835307685dcb20ef48edee17fe27afb65fb29c92ce.png,25
./benign_data/benign_imgs/88e0b47230be821a1794097aa74dd569c2ae2b3c71ce3e1165deb6e8de0447b0.png,25
./benign_data/benign_imgs/8796df9c55fcbe47516fa1a721a91e14b97a5a056f12803a7195cd43798acd85.png,25
./benign_data/benign_imgs/87da8b45e2fecaddcdcaca35ea2f6583352344aba7f297c11b0434f39a476056.png,25
./benign_data/benign_imgs/86f32f026eb0dd6a4d547179e5c0cb326c8c259bd791012e54a6f98455799887.png,25
./benign_data/benign_imgs/86ee28923d4e7255762442fe93f220237197a756182ce320f5f6887b5c7147c5.png,25
./benign_data/benign_imgs/86d5e2c5f6d63b1cee922999a4efbb30f0ec16577e1a2df9ea31eea826b723d7.png,25
./benign_data/benign_imgs/86cecb5aaac5dc004f3b4ddceb327be61e5721e971ad0e653762ec3e59850872.png,25
./benign_data/benign_imgs/86c8b86a80e911bb63d7a78b828bf45a02afb5c9ab271906720feeec7c24fe7d.png,25
./benign_data/benign_imgs/86217ca15da106db4f141ecd5ec26dca0cec0ab8d6ca1e03ad154487684e6241.png,25
./benign_data/benign_imgs/8677154abfcd9590574f243380dc8d62f40588a170fd5bd25711e09584443716.png,25
./benign_data/benign_imgs/85f9d9edd044d2bb88e21c3abf373dc05684068e32ea9b9236cc276cea22f67d.png,25
./benign_data/benign_imgs/85da776d71387fc7d0db12a3709c4cf8cca0e937cad33398b9d47448154eb92f.png,25
./benign_data/benign_imgs/85e5b1567f105a9c82956a6e2865594c5dab7b932a4835a927190445ab44ec28.png,25
./benign_data/benign_imgs/856c9490f1798ed054943aa9aa8f0c28268b9c3ba2bd0e8d1d140d483aaf7be8.png,25
./benign_data/benign_imgs/852b7a4831b702ec280c32fdcfd3d1cbfe3ab24884207d811933191d5162bf99.png,25
./benign_data/benign_imgs/b06008d06459302d9da4a6ae512bc678ecdcb20e8e55741399b1228eac420fd6.png,25
./benign_data/benign_imgs/afece3559e7425d5cfa1f015525cde6998b13129ae13a36282271d4341b11645.png,25
./benign_data/benign_imgs/af647fcba328c6a41c6512dc34248b7c0413d5db337be2cba1fc3761855ddce6.png,25
./benign_data/benign_imgs/af50bf38e1612222d51c1e66bb3410a6e771bc5003050a1458d8731571038c46.png,25
./benign_data/benign_imgs/af4f6308343a0141f8f48d21b5f7e1946c2983f69841d03399628d558ae03c46.png,25
./benign_data/benign_imgs/ae8b7135284c9f111b34bf7ef631350b98f35298adafd7269bd364f63bb74b2e.png,25
./benign_data/benign_imgs/af535d2577e5b48270fa8af03579b8fba2176d4e3e777c68894bf6a0aea3eefb.png,25
./benign_data/benign_imgs/aef07a66bf0542b0c4641a595b9c72adb6623c9f7f4a35ee5238068e090c178e.png,25
./benign_data/benign_imgs/ae484f4c0341f050d40d3e148be8d11ce86358349ddf3100dbf7d605780a5f95.png,25
./benign_data/benign_imgs/ae301ae526ffaa5f1db25268221ace5d9444df50b30171f367f67f64e3fd4fa2.png,25
./benign_data/benign_imgs/ad76acddd3ad76afb24795a312e7000c1cb3349a2df4ab9e97eef486fe621c0e.png,25
./benign_data/benign_imgs/ac91ee90e062cbc0e567362739b2c16de48e16accac7a31bf0c9d2ae42be4a5a.png,25
./benign_data/benign_imgs/ac2fa7bbcaf49836b1646f576e9794878f5458726bf4ed91627b388005f8b0bc.png,25
./benign_data/benign_imgs/aba3f763bc73ac333eeb4f1f4c1de93e58ff107099c7c33a014216c02d1a13e7.png,25
./benign_data/benign_imgs/abbf94526e78224768f7d4e4651b416f1619193792725e24cbe9ed08bd97c64b.png,25
./benign_data/benign_imgs/ab9c143dc118ee29f52cf9ae5f2277751ca29b5e7d9da96b33584ef56b450ce7.png,25
./benign_data/benign_imgs/ab9a7f997da81bd7202c49bf0f40ab06b89fcafda9f91f89a0b186291890e099.png,25
./benign_data/benign_imgs/ab745988b1c09e048c02f649764c00b276a2a6379e6e15506a1a6b2f6f963f53.png,25
./benign_data/benign_imgs/ab3beb52eefa353ced0055f7027b39262372197864b6d1b5bcc1dc3d14a3a1ce.png,25
./benign_data/benign_imgs/ab7b20718cab3d0b222d591d506d17525afbb5e80504c7b69cf5d9944b5f6699.png,25
./benign_data/benign_imgs/ab96929d2404859e0599e6e4356ac6908e71e774841f555ad30626bd96eb5353.png,25
./benign_data/benign_imgs/ab1f26c4c0e9babd0feed715e3d4b835ed68395492f2af089343eeba2005d25b.png,25
./benign_data/benign_imgs/aaffeebd785f0cb44249abb39b081f0c1a80ede5aa0e499137c9c1aa3d16fd81.png,25
./benign_data/benign_imgs/aaeb837ddabe9ecda3d1d936512a88944264a29217beec9dce096af1e6dc2afb.png,25
./benign_data/benign_imgs/aae405b76324f8feef9dd73d4d9cd88bd5e5f5242303a785caff01a24511792f.png,25
./benign_data/benign_imgs/aad745af64c86195150c14cd83c41c09dd88bd10f41b4aff65768b7390f637aa.png,25
./benign_data/benign_imgs/aa9a979d94922890659da40a4ba266144d2075c8c3aeeb7b4e0dcb9c3f6f4248.png,25
./benign_data/benign_imgs/aab9f72bc96a87b69af2ff99c8c771fd5d8cc4ccd776f3a7f56895666a025aac.png,25
./benign_data/benign_imgs/aa6e5489177798f6547b0d149182ce1ca80de12227bc7efe1a8e5ebcb8217c32.png,25
./benign_data/benign_imgs/aa10bfe51228e5210c7e34372d4e9ebe75e920ba85edb2e6350c2e390899cf09.png,25
./benign_data/benign_imgs/a9b5f9825deac6514ce616f9fd01d1f487a6b8a94ca0503c43cb2d1f2a16e1ec.png,25
./benign_data/benign_imgs/a9447372cc62144ca19196f8f18ffcb35f3907c10b8e4b2f442a026aeab5d05b.png,25
./benign_data/benign_imgs/a8f964bb1623295131320f9a0a3817c5ea9318485c849ac5dcbf0255c9263dea.png,25
./benign_data/benign_imgs/a8e7f9617d12eb7744754bc45068f3fa96527542655a51571d5e43805d75508f.png,25
./benign_data/benign_imgs/a8a23d61a64999e27bf093a7c8dff04293e1b3f56d9eb55dbd82956ae12a8a41.png,25
./benign_data/benign_imgs/a775fdd6fd3edba9f7410c54e00a6289ca906187ce8e123619727121194b27a0.png,25
./benign_data/benign_imgs/a6fb3efc0d74e81da25d7bf35fb6112c77419ecbae443b598371bfd5e1c427ed.png,25
./benign_data/benign_imgs/a84c087174debb180c08f21b78342508b876b237f954bbe9c3940e0eb104f95b.png,25
./benign_data/benign_imgs/a8614ba7b98ad576032d8610ff9b74bb402e1498c41f9f330e7a0df326852de3.png,25
./benign_data/benign_imgs/a71a16c4b2d56acc3f8e2a2c576a0b9f1fc848e02110ba70e82c3708898a3328.png,25
./benign_data/benign_imgs/a5d76d29280af398aeb406063676620060a5d0cb28b2d33d917f41a5c06e4d84.png,25
./benign_data/benign_imgs/a66e2fd953b89254ac8a44c58a52e82cc9f03839248577e15598297b22288abb.png,25
./benign_data/benign_imgs/a6376200168b30c542e04f44d9c68c2bf21deee11d23d1b3bd3577de19d72dbf.png,25
./benign_data/benign_imgs/a54b84e56a936791da31c69d4048798521d62ad90991798587bf0c25e0b90148.png,25
./benign_data/benign_imgs/a5b6deb455845311db511677ae3674dfc4a7d506d5a84fb0dc6c229230028e15.png,25
./benign_data/benign_imgs/a5a1f315fb88754bb4b99c6552e353c3a7606c791264f6b1f3b20fa2b94376e7.png,25
./benign_data/benign_imgs/a500ec91119693013b74f72f3b082eb704417e57b6f26883f488dea2b8f081cb.png,25
./benign_data/benign_imgs/a455d32b8de771b493d3648bcbcac5edae2bb1f4062046e5d7ccd53e9d1e621e.png,25
./benign_data/benign_imgs/a52beaea57b9dd1a642c7cc129b4cb2c0b2c3abcf4221cc1bf4de4cb3c307e2f.png,25
./benign_data/benign_imgs/a424039a96d86ff186981223fe2e78392135fd2ba7a574d73840c4d56a381e39.png,25
./benign_data/benign_imgs/a3275735b0d0b68818b527f8f11ed623b095905dc66e8b50f46861d1158290c0.png,25
./benign_data/benign_imgs/a3249c5307d17cd6ec706ec47b14d658ac3049673ffa527ba5f76a95e50103e0.png,25
./benign_data/benign_imgs/a2c736e2a3b63fe0ddb28654994df83085bb735bfbd70da0aaa5458ed4b854e2.png,25
./benign_data/benign_imgs/a14760cc7f131ae6880e38b9893057a182758130d91be3cfbd174d69c4b3cf66.png,25
./benign_data/benign_imgs/a28c8a1cec75344833ec100758125018b58c183a5903271ea8944c6f663ef80b.png,25
./benign_data/benign_imgs/a22f5cc6371cf993cac40f066a86d758227265c9454b5c06de175b17e17f9b1c.png,25
./benign_data/benign_imgs/a25def518b93fb698d87ab0372568986b630c5907c27e27959fd3b6570f59ff4.png,25
./benign_data/benign_imgs/a144073e9b6a387310903fed5f9f59dc04901000959110f0ced9cc910a691d92.png,25
./benign_data/benign_imgs/a0899e167143ab97b167b6ae1bb270d9ba4b4e268b4a1eeb876a8b56345f23f5.png,25
./benign_data/benign_imgs/9ff3e2a010bb96dcfbb0093558b6cbcd92604b84766b14b2ff41cf7fc642b048.png,25
./benign_data/benign_imgs/9fc8838b805dc526676f347c869654bf54eac2d212d8fce2c30628bb1d0f91ab.png,25
./benign_data/benign_imgs/a097cc322fa68e1ff500d79598f657d9c211e86e632c3c3b896e566852cea991.png,25
./benign_data/benign_imgs/9fa4342dbe88717b5ba6580b0280d147132d6b53d2932d4a0761071cb81bda95.png,25
./benign_data/benign_imgs/9f3849e18bbc5116b6430849f460172540fee98344953178908ad14783d1c9c2.png,25
./benign_data/benign_imgs/9f488edf5ed634d8f50d0a08fdf2eb24e22106c0f22954f3b30f5aa0a366c505.png,25
./benign_data/benign_imgs/9eaf987f2790faff354c8e405d7c09946924056707d1fe81bd3ce5a2c3f0133b.png,25
./benign_data/benign_imgs/9e9b20ed84f2bdd7c40fab4d7ff13b2e2c5f1aabf54008a8f0a383aaaeab8d84.png,25
./benign_data/benign_imgs/9e4570851f44cadcd300201d37c67c82bf8d62c435cfbfc073c01c8aa06f8b44.png,25
./benign_data/benign_imgs/9e784ba34d9b50d98be783a255c397575f3f5a752174101af6e90e78d7758e71.png,25
./benign_data/benign_imgs/9e8cece950c181dd27eb143dc8d06361508b0087685108f4fb6f0959824c51df.png,25
./benign_data/benign_imgs/9dd0b4db6deee989440abfeddb4280a0a55137479b15af616f506ebf3bd891fb.png,25
./benign_data/benign_imgs/9dbe301e6b832184a624e97ee08735397aeb656e4fcb98c2388a57deb2f33e76.png,25
./benign_data/benign_imgs/9d9742a07c77cdccd8c2b6ee17f2855a1479081e1f356073c6df9f749209b77f.png,25
./benign_data/benign_imgs/c3f865f60ea816281c90cca306f592c65bdc204bbf8b0c6a3140b0500cdc75e8.png,25
./benign_data/benign_imgs/c3dc71edc05a9e1778bbea6757b65c1f9b2f491615cb68ba686eedafb3afc0f5.png,25
./benign_data/benign_imgs/c34cc55cb45a4721c16e724df45e21f772506e463d7ef79fd67d4db412973b7c.png,25
./benign_data/benign_imgs/c39f47d2d4525bb4950827f1edb92ccf5067267aa1aaef7137e45482c1436d97.png,25
./benign_data/benign_imgs/c3afcf2e6f64303f8377793255b38f6d677ca8eab9eddae65693c1235d05a1ae.png,25
./benign_data/benign_imgs/c3592db1a64fdc0bbaea76fe15754f5a44a9fe53575572fb46744224a5cfd444.png,25
./benign_data/benign_imgs/c314ee49ce2e32b5e7578ccf7199601c693ee3eb4ed7639f2b738e9c224dc542.png,25
./benign_data/benign_imgs/c2b4237ffd1a0efe97fde1a25f18c3d75b9d17195061a1060798ef69b7d372f5.png,25
./benign_data/benign_imgs/c2ad19887db0f553d143e357611e48d6313ca52d745eb0ed8a43391d7b2ed5eb.png,25
./benign_data/benign_imgs/c1fb08303317b4a20458fb8cc71d25e2339ed773e1026cdfbd828cec6fd23ce7.png,25
./benign_data/benign_imgs/c2563bb38ff3a2f9109febfc012afa329401a15aea4a1ac72659a11be9150b4a.png,25
./benign_data/benign_imgs/c1c5a893f7eda8d1117078dc8fbdb74abb46e362cb517a3dfd61d88d20e311c1.png,25
./benign_data/benign_imgs/c166496095542a51d8dfc8cbeb83c85db71a683695e0dd7e6341f32cdceb20c6.png,25
./benign_data/benign_imgs/c17ee22de6897f89917d1b60c176028bee0a0c2d990f918b83c59669ce599a80.png,25
./benign_data/benign_imgs/c0dcc641eb9a65b69b4c2f6941c73fd510f21505a0b87a4af548b5712b8e6a10.png,25
./benign_data/benign_imgs/c1409cf7edc4ae0df90deba32e1087ec4fca5052809197edafb417a58172c0a5.png,25
./benign_data/benign_imgs/c1536de933e06fd3832c008876559dc99dc38e3f4ec479e9512ceccb39c2f838.png,25
./benign_data/benign_imgs/c0d3678c8daab044fcf5f99e09034ee5faade2e62b764d6538ff9c5a56957c5f.png,25
./benign_data/benign_imgs/c0bff7634b380159a5472a834ef525fc1dbc0c5a7d1893b7ececd2a66abaeccf.png,25
./benign_data/benign_imgs/bfd212e78b058423da320592dd78766e41462ffa410010cce99d6c31f7c25bde.png,25
./benign_data/benign_imgs/c0975115208399a8e9fbec2d9dee70af458b44471c8d8ac1b09c21631f9dbc4a.png,25
./benign_data/benign_imgs/bfb60968447fd09d11aa5cf30add3e591bab3d69da10d9ef178eb68db966f157.png,25
./benign_data/benign_imgs/be87b2f36ccbcf2dc47d256597503d93c4d27c31b235eb6d262cdb8207668b89.png,25
./benign_data/benign_imgs/be4e345e6b82e8092455aa56c64030709c290a0c3fa5b95eca2203da9708df66.png,25
./benign_data/benign_imgs/be45bf94be32e9cf2cdc32d3f5b749cc2f5427b29004ea1ad9a11ae8b21bc842.png,25
./benign_data/benign_imgs/bdfa725ec2a2c8ea5861d9b4c2f608e631a183fca7916c1e07a28b656cc8ec0c.png,25
./benign_data/benign_imgs/bdd41d65a67e87653abaa454166fc37b38ca219ec76f73dd27012ec7f4add8df.png,25
./benign_data/benign_imgs/bdb7f88489766e317f82c3a9e4171eac231e5d024b506b3f6aa2e0b927c8eb5c.png,25
./benign_data/benign_imgs/bd5a69a9c5a213a0d48f8aa335c4d111629bffc9678610a449f8b1aea55da018.png,25
./benign_data/benign_imgs/bd612f120493d5b295283032cb7ec45e82c12647dedc9c12651c2ec6e3791038.png,25
./benign_data/benign_imgs/bd275f25b96e610bc657eae9b8b166defd7e1ec2d6d86f72127eab7a56319045.png,25
./benign_data/benign_imgs/bd0f479d25efdff29a2fb8724675d98ee2d557a1b5d8b555b2b39108f1a46ce0.png,25
./benign_data/benign_imgs/bcef2a6fa63665d1ebe119a8f12ad31062a09e22a37c75cc9de5479d1cc6763d.png,25
./benign_data/benign_imgs/bcba1e02e54c18224ddba76e1a980a212819a619f1aca68f2d0fc463140e5260.png,25
./benign_data/benign_imgs/bcda530fcc6440d26d36df253a0e9cab5674550397e3715d71c63bd9d649366f.png,25
./benign_data/benign_imgs/bd0830ac0ecb2aeb31cb95cea634209f35aaca1da9d72ea7c40b9a767a920f2f.png,25
./benign_data/benign_imgs/bcc0cc3013ea2916fc8215a84e8b47a5ec7b733bbe414c57629e507ab89f50ba.png,25
./benign_data/benign_imgs/bc81bcc2425d129d84a478eb842b09552681a23acd1075339b60b4156eb7cd2e.png,25
./benign_data/benign_imgs/bbe49e5a78839ff45e810d4d0e99457d0421f9dd03b08f00a8cdbe750a21a07f.png,25
./benign_data/benign_imgs/bba0a97a71cce8e07936ef644b34bfd142fa06bd5a3e00c4affbf0596ceddf46.png,25
./benign_data/benign_imgs/bb9f775dc3b13eccd5b1b4c6c71c8cd7f98246f9c65806f5b4749eb87c38da87.png,25
./benign_data/benign_imgs/bb6d22555aad3510ec96713f5ea4158d7bc02b75c8b344694654c8c8e0dccb98.png,25
./benign_data/benign_imgs/bb13a981b2537e60e86ffcc1e55706a1e5b3814b03194ef859a1816e7a3c667a.png,25
./benign_data/benign_imgs/ba8f214c82e335b1b003114bf92450b47e1e07d8e23a165564405a2338c755e1.png,25
./benign_data/benign_imgs/ba82518aa2e7f9481e30c696537542c5d25d9ed5dfa12c4bd933e7084299caa9.png,25
./benign_data/benign_imgs/ba7fc2011aae587df6179f7657cc4cf337da0cfe235f209b98c1e95bd17abb07.png,25
./benign_data/benign_imgs/b8f322652153ca2ef212394bc7e13f10025515a956b902d0e06529aa8cfc9320.png,25
./benign_data/benign_imgs/b9c7509ebbeae6d496fbb90d16dca2bcdac8db1288fd7c0ffa4b8ebe2f3eac5f.png,25
./benign_data/benign_imgs/ba71001ab28fc93abd28af19257fe7eb6365a33e755ea221417f44ca0f9e6ec9.png,25
./benign_data/benign_imgs/b8b13e80b85787367fc3130fa98f7243baec3596ea69b7504feee8aa4db5ce9c.png,25
./benign_data/benign_imgs/b87a5b63ce6a27c31b22feb408f23b5fbd586e9fb0b8622c87bdc5f02e59b001.png,25
./benign_data/benign_imgs/b6e97dbf4ec13dec0324ab2d66b8c771d4da6539087d84bf009b9a80b0f78799.png,25
./benign_data/benign_imgs/b596ad2fa8cf15a52b4a18838803e30888c578f04c06a9b115c43f2b515963db.png,25
./benign_data/benign_imgs/b626a7ccb68165b2dc38665f84d9d4d6ad9f34745cfeb4fb734dd9d780d2144b.png,25
./benign_data/benign_imgs/b5703fd17c3ae58ef1f0efb174c8d6f7421c1b6976d1d963327e57675b95a28c.png,25
./benign_data/benign_imgs/b671679adcb94f1075df36ec558fe66b077e77778f8064531c114b300d65ca1c.png,25
./benign_data/benign_imgs/b5d8a878947d4572f77e237450a07671856b8097f859a67b7157d79dbc3073fe.png,25
./benign_data/benign_imgs/b4e7447b3732199920a940f3a7c0768ab7040d68290e45c4178d2e0e4365c972.png,25
./benign_data/benign_imgs/b563fe6dacdbfd6628da1cffb42d72344ae631ef132345e6756036d2c1adf215.png,25
./benign_data/benign_imgs/b4be4ca9053d83301bdd01e6e2568af791aa819798f29fc8cf85eab4037edb4e.png,25
./benign_data/benign_imgs/b493bf6d7085eb97d17dd6516345e65277d3a60b848f11aef283dbba759435e1.png,25
./benign_data/benign_imgs/b4853f76dfe066a5b2aeb3166bac4d6ff1548e9119205f65ac6cab6d165f9850.png,25
./benign_data/benign_imgs/b4611fee5b2f91172ee8c3ffad96c677f3d648c9bf4e04bb5949a2e8b1d8ba6d.png,25
./benign_data/benign_imgs/b2a4ad4798937c89922dba29ceef46b62e6d220ceb847502402aa1da4ba0593f.png,25
./benign_data/benign_imgs/b485014e1dcb4be9fe508c27b8cd2c5457d56f65e2435e1f162ebd477698b6d5.png,25
./benign_data/benign_imgs/b2ded3ce4b19a18844d4aa90b60dfc1a8d3e9cd7649e7478c524d5c9d035fccc.png,25
./benign_data/benign_imgs/b25976b4e32dcc3884ac0c8aa1e8416d483ef8598d232ac788e917f8967ff131.png,25
./benign_data/benign_imgs/b24b0081430615ffa8993929656fb3efe2450fe6862f6b6a77280d185e6757ad.png,25
./benign_data/benign_imgs/b207f025c13b2bf433eb5e2f82bd8f6c0c6853c8317fed4ca308d185f4ccd345.png,25
./benign_data/benign_imgs/b175881264f15c69ee6819b976e8981a6ebfe07a57b3ac84878de5a55cb26374.png,25
./benign_data/benign_imgs/b1a95a04cbdca12bd84cfe3f86e8ac11f33752171347ee1435fce13e5bff5195.png,25
./benign_data/benign_imgs/b155a83cd2a33da9c9b89b8f979c42a3d39edf54e0d2937d3cffc22bd8b4274d.png,25
./benign_data/benign_imgs/b14322fa433e93a9d512829bb351f959fbf6543fc3c2eeb06d8af60cb8312dc8.png,25
./benign_data/benign_imgs/b0eea66f156eec3be63fea4011f72515651ff6007b32f741008f22b0c01d892e.png,25
./benign_data/benign_imgs/b092b05340dbdbfd5d9fcaadd255c79cf358b24e2680a4a159b194762fe0b36e.png,25
./benign_data/benign_imgs/b01bfe8ab2002184ecbdbd338b112ad400fa83c4519dc499902bb9d0ad389013.png,25
./benign_data/benign_imgs/b02c253a85455b8eed9550325ba6b8a55b745281a7d1dbec58eb49e7d126b4cb.png,25
./benign_data/benign_imgs/af689ff48617cddca4a3881ef6fe4719a422c9ab37bcc26f90556ac36ff1a3f0.png,25
./benign_data/benign_imgs/b01ebabccdd9ba01a12d94191864a364100ea7978ddea792b99f614b7c267ceb.png,25
./benign_data/benign_imgs/dad6229600eb17c91ad9ddae5481379a6d06b08147d840e20648f8e36d56844e.png,25
./benign_data/benign_imgs/da1968f7ad7f4fdb1bc77713b54f87d3ede41ebbf19bf86f4898eb902bafc30f.png,25
./benign_data/benign_imgs/d9a39b4ef451806c38101299c7ca8453a4711ce4c629666a0ae8f9cde1b87165.png,25
./benign_data/benign_imgs/da1effb56ddd4c5630864b52366f91de3ba8ec77fad6c2a6a0a3ed833aa6b625.png,25
./benign_data/benign_imgs/d9e0aa17442669974e9d30dbd63073f9990ac4f83580afbd4bdbe92b5c4fb1d2.png,25
./benign_data/benign_imgs/d96cd6f8855cf9e59d796e178637a72eea63bf5d30aaab4e070490240278f3af.png,25
./benign_data/benign_imgs/d95753ec8aa7da87cd519e3c77d16da579815cc53c564a77192f65c4a01c043d.png,25
./benign_data/benign_imgs/d889aa776b67de0daebe36c6c824812b58053bf28d6fd9eb8c752b004115c847.png,25
./benign_data/benign_imgs/d878992fe48766c2d2e03fcd103b8805a702b07d20adfd94581523ff838e45b0.png,25
./benign_data/benign_imgs/d76f35dd028617533d4e2a9ef21b0866f0d623f9e14943d9850a8e0bad1863fd.png,25
./benign_data/benign_imgs/d8449378c539dcd3ee3abb5d2ae1220f84e324b0b3c37fd430b3d649e225c14f.png,25
./benign_data/benign_imgs/d6d811768d315ac1fafcb356b040f522375192510a93ef94a5cfb22001a6de61.png,25
./benign_data/benign_imgs/d752be52e51756f597a1e346255bf400a31063c70c9c7c724c06b2d620d5212a.png,25
./benign_data/benign_imgs/d591c1fa5490022d011d0babc427cfc0576c56c153d48b3c8d55e25296a16660.png,25
./benign_data/benign_imgs/d5fd9c5ec6349c8c55cbad05095b97ee2939f24a45e40fa69b89cbc85f528215.png,25
./benign_data/benign_imgs/d543427bfa0b28c57d13389d55dadb483436e081b7eb50893a06b0af25d3542a.png,25
./benign_data/benign_imgs/d76eb2510b4bbf54ceb93ff113fd6ee98cc04874fcea256105d0a2fd33834f4e.png,25
./benign_data/benign_imgs/d505b31200204d0854d67244dfddab81552937571e321d3f5520c5be8fcbc283.png,25
./benign_data/benign_imgs/d4d518c5415ace543cb348a93ab6df569ee298d18fe47ad3eb75018f5cb5f5db.png,25
./benign_data/benign_imgs/d4ce45d348c37204792d536142ea19939210303127e8978e8366bfe26709bd07.png,25
./benign_data/benign_imgs/d45240802269cab2ab6ceb71a327113f7366ce173559b1c9456ca5d5ea63bf8f.png,25
./benign_data/benign_imgs/d4493087abe2a048f24d87ae232ac2ce90329662348555eec33e223df6921a60.png,25
./benign_data/benign_imgs/d3dcb6b7c05940a0507e5ec8138a44a03c76bf2da34c757cb207c6eb4ab22b9b.png,25
./benign_data/benign_imgs/d3ad7f3f40d286ba12e266439032b7b09f95a1ed17afc6bd4d8f84b4508efb9f.png,25
./benign_data/benign_imgs/d36071884086b10b302c2acd43c33d15fe73369b927ba9002d32db9409567241.png,25
./benign_data/benign_imgs/d34bb73b3755d7fb4d29054815e36fc3a5727dac5d035eb176d1b4f0bd59486a.png,25
./benign_data/benign_imgs/d33281f6c857aba988c049950c07dbbfb034fdc58649dc00869ef1fddbdcb074.png,25
./benign_data/benign_imgs/d3062f93740551d2f3aa0a386587f7cc5ab4c524477845ca4d2544764d0bf119.png,25
./benign_data/benign_imgs/d2ada925cc2e903b176ca03851fdcb44250ad69918063e14426c7b7ffe63c3e5.png,25
./benign_data/benign_imgs/d32a5abea7c5d5f3e1aa9632d3b49cfa2a81169badcbfb12470c6f2aedb91f09.png,25
./benign_data/benign_imgs/d1c425e24d4c83685ca1587f2f2b1cced11b73e1387738a84b39ecb6f621ece2.png,25
./benign_data/benign_imgs/d1aefefde895480da77a0acf146963b8998e350cb0276b8edc1d4fad80ca6292.png,25
./benign_data/benign_imgs/d0f4abf77310561f0fb9e001b776e4e9ac11fcfaf2cbc0c786b4588b6c64a8b3.png,25
./benign_data/benign_imgs/d0d8b38e4c9d4ea4a426e17a9ff5bcb0511ea47602c8ec8fa454ff28a43db3fd.png,25
./benign_data/benign_imgs/d09b28044abfb507aa6b79ddd742cb4cd4abf3cef6e0e40bb6cebca2a8cb8fc3.png,25
./benign_data/benign_imgs/d0b55519c39ad283edef2c139fd8b6fb6a61f125883ae83b58d405c859696059.png,25
./benign_data/benign_imgs/d08eceecafdce076fc7f9e1bef061a7a67eb09ca6f97c2f77e2f3da8a0cc998b.png,25
./benign_data/benign_imgs/d066f01806aebbcab980104ae4177546654ef5a71f51a36f6ac19170a31cb085.png,25
./benign_data/benign_imgs/d0411ed6c42fc12c860c8e43c3d993c6b210849443ba27d3219c36a8d222169b.png,25
./benign_data/benign_imgs/d0188bda26aee8652466ba0cc53457fc736d00e2eefd33901a0b0ae978c8b362.png,25
./benign_data/benign_imgs/cf66de1f114f7c382804fbdddd4ae70aa07ecf1df324e95e78bb41139b50cf72.png,25
./benign_data/benign_imgs/ceed0a0e156641c5df0e6fbd10bbeb878223873e8e3940098bd21256e381a3c0.png,25
./benign_data/benign_imgs/cec17835c639bb9a9eb1714971b4836fd143403d182d46bdf9ddf204b7e1f30f.png,25
./benign_data/benign_imgs/ce365d04be99efe6734d9364b2ee4507a207809c54d25541787bc2667b508b94.png,25
./benign_data/benign_imgs/cd010d87c17d9b6e2c61d917526d7f27ef9e852a8c2b1d0210b9dc6123e117a4.png,25
./benign_data/benign_imgs/cdbec8a3cd83e81e894012f020f742edce0f846f2f3fc28739c6835a701ef851.png,25
./benign_data/benign_imgs/cdc66d186ae9179f746cfa9896e18baf256695999cf151024cd6b12708c0c839.png,25
./benign_data/benign_imgs/cb7b6ac768a5692655cb527df464278207807319e8b81671510e3b2964a621a2.png,25
./benign_data/benign_imgs/cb548e26ed3c9a1550374e66b497d68f80a2e8129f098d77cabc4c25698c4347.png,25
./benign_data/benign_imgs/cb1454687b08797f9cd506fde40157d5688c4494772f0836054bf75f5a2bb468.png,25
./benign_data/benign_imgs/caef603d0522e04fa2cf752388d7174cd9c15fa8377d71cdc624b0db0f850f5e.png,25
./benign_data/benign_imgs/c9ec3caaf26a731e3ae6dc4e7b189a260749735c7b0634349fbc5cc406f1f383.png,25
./benign_data/benign_imgs/ca176b32589ae38d689f8730856cf10f4bd63cda04bdc17a700d02d32c2aa3e9.png,25
./benign_data/benign_imgs/ca6710ac624c4badd89606d2d46270b68a494b9778a109477955f6403d77493e.png,25
./benign_data/benign_imgs/c9ea2ab2a9b4d92dbf432fec8630f151a26c26ad3159b6ad6b8151c6870d4dcc.png,25
./benign_data/benign_imgs/cab5577a83571f7bc46dd0bea6a12f7e872f81157a901e8f1a167e159088c33e.png,25
./benign_data/benign_imgs/cae59bdfecb5b2bdfcab22af171281872dbe296b42359b3b8dd58275d619cb12.png,25
./benign_data/benign_imgs/c97e202a04588adecad428ce6fce048121e0fbd426a49108fa3f874308951249.png,25
./benign_data/benign_imgs/c906bbbcdc39baeff580b76874f39a8c433dfabd37fae1dd1b0b46f18f4c0ef2.png,25
./benign_data/benign_imgs/c92f5e3f22cbe98ed0fef8c3bf161539a4290eaeb8ea6140e67d26c0550aa3ae.png,25
./benign_data/benign_imgs/c8a0eebccc746daef3270ddd170d030ddee6f9c6ac09dc6a41b4d5fb6b1aa4d6.png,25
./benign_data/benign_imgs/c824e459c950b4d249fc2484c441d9d14b02dbe4192a96d2655fbb7ff19c6857.png,25
./benign_data/benign_imgs/c83df1e3e21b36046c453cc3cf9a0cbe3539558ce8bc8dd0b7ebabf5b7634d5c.png,25
./benign_data/benign_imgs/c8815316c65e6449e742a792a415a5e59dd42d62a3ede7a980a20a9c72db89a2.png,25
./benign_data/benign_imgs/c85f81c3417f5946e73204b1f62037ed7c390cbaf3d21e87be2b583f69001d70.png,25
./benign_data/benign_imgs/c7ffb571cf9c59e68f04760186f3d9cccf56f57c87fcc7a3f61b194773ea5d92.png,25
./benign_data/benign_imgs/c7bece8dcd0dd98d240f3b627045e3a464a3b27314a61cbcb79a5ac4ed538ba0.png,25
./benign_data/benign_imgs/c7b38cce9e39f904080a01997029f25eed2dae5abeacae19f90edac0842d0e7b.png,25
./benign_data/benign_imgs/c7269592ece77706917a1242e19690f7a9f92f213f4a00540827591e4b2e3abb.png,25
./benign_data/benign_imgs/c7739012562be8188e394bbefcaaf04358f48a8043511c72d4baba664241fead.png,25
./benign_data/benign_imgs/c719dfc0faba60957d7933fbe8018407fddc0f7827704e289e51ff2de03ae0cd.png,25
./benign_data/benign_imgs/c60ebcad6dcbc20fd27872ee4ae92b83950420867ab7a4769bac9d1a4f25e067.png,25
./benign_data/benign_imgs/c54d5a88692421d77d756412135eb48fb6d7d0a453e2603639628a03530ac6f7.png,25
./benign_data/benign_imgs/c5f8edfa5555688a71b70d7a32425b931d1e8f6ce44bbba3166f827146787c6d.png,25
./benign_data/benign_imgs/c5b5a6b85efec5d87ae6981fb560775d97a4e0ded0cbeb4dffb41312975caa72.png,25
./benign_data/benign_imgs/c4617cd94408d13e68d3dd75920911a56a1b1bae0fb19c035b156ec4a3cdefd5.png,25
./benign_data/benign_imgs/c42ab04f9d19b18d2d145a32a98e02e8070d25275aad11b3c9917c3cdd370c10.png,25
./benign_data/benign_imgs/c43cc2ffc9543054c2b6515a8378db1e085c2db4e9a932deb06e2af1febaf4d8.png,25
./benign_data/benign_imgs/c457ba36891aa3a5563c7bee0f7abe8eebf0ed61d8f7bc3ec1e04ae079afdc52.png,25
./benign_data/benign_imgs/ee4d1bd00f41a411f4eaf80c49b6aac81a0d6e70bccb2eeb429c661149ac23a8.png,25
./benign_data/benign_imgs/ed95b1141f32e8d2180b47426a1cbe89085764e744938e9bca98c5be411a52a6.png,25
./benign_data/benign_imgs/ee01b01fbb047bbeabc6fd119ca91797f00bc7b59d8dab2c7f5a60e6b056972d.png,25
./benign_data/benign_imgs/ed745465a3d0dd062a8ae5a9431ee638155a408a63fc32ca4342f67573ae9801.png,25
./benign_data/benign_imgs/ed36e4398c8bcccc7c7f34f0134620b30f8989c2c99c6244175b2a7d769e4a9f.png,25
./benign_data/benign_imgs/ed6018064304e2af770c74e57a8d405d045c568c781bffd7e29bfecaaa3a80ea.png,25
./benign_data/benign_imgs/ecf9e6567852f1a45dd6068ed197aa22cfac0121fdc0c3a2e9367dd6cc85fcae.png,25
./benign_data/benign_imgs/ecb81847bf544e949cbcb96d8587e1d3739f93948020fc223e0fed66f0d88112.png,25
./benign_data/benign_imgs/eb2e970ce9d555ad8c44986d57ed78400e6de1274fee649421814398b2c89c95.png,25
./benign_data/benign_imgs/ec1b8cf87bc532f33daf88355d242769607cf57e60e11ea8e28d6377b1ffe191.png,25
./benign_data/benign_imgs/ebbeca9392e0e1e86baf037302fa8560dea7c321e530f4a5a4463cfea66c85a9.png,25
./benign_data/benign_imgs/ebb96f004f982d3aa4d5e92342637148d66d7133e6b8096e72e8f34560c73aa5.png,25
./benign_data/benign_imgs/eaec4a2d0a4b47b8037b918ffb8871655b6eb11add21d6816402ea3342a8c903.png,25
./benign_data/benign_imgs/e97fde1aa1260261577d81203a2a0b1b666e7774b44f42be89c84065d93e89e6.png,25
./benign_data/benign_imgs/e9bc3322525acfe84afd7cfc27f07f6d18bd0a07ccff726d8fd5a4800c188f75.png,25
./benign_data/benign_imgs/e929cae582e4f92f60ec607da7acb448e22742691a4992406dd893bf99f2955f.png,25
./benign_data/benign_imgs/e99c64aa27d56613a387cb94d1d4ee6777e2d1d1da59c6991037fe0b2615cd02.png,25
./benign_data/benign_imgs/e9e24fb71b09913424236131a896329ed726e0a6c796735462ff6ab440d7287c.png,25
./benign_data/benign_imgs/ea3492a8c6c7a2510f7c2cd9fe4523b83d4e8d6273f82931d9060f20415d30ae.png,25
./benign_data/benign_imgs/e9b57cd27dd150c0ee3d718f64e6210a07e78f91e4a673e259335327ab2dc908.png,25
./benign_data/benign_imgs/e904e2854dc69d740d03101764ff1dcad82acd70b5b9b6076f26d0d64a68f1ce.png,25
./benign_data/benign_imgs/e87bde4257e33f4f185dc872e0d7fc0a378741233ea3dd6a2665bfcf44bad1d4.png,25
./benign_data/benign_imgs/e82b3e2d357ecdebc189379f79f2b354d34c7af1a1d56de51ad5a539059dcf61.png,25
./benign_data/benign_imgs/e693bc556d4e07471933b03456a509b068065698f86c34875d08bb0b4819597d.png,25
./benign_data/benign_imgs/e7611e58735d0ece5913e66dc19947cea16a9b401127260018ab174e74b63ea3.png,25
./benign_data/benign_imgs/e690cbd19b9ca80398251b709544428ad56b83866c940c13a50af30162e25ac9.png,25
./benign_data/benign_imgs/e614bb23131efe77b8ef6cfe08a28ceec7a9adccc03d183b7a287ac6c822de1f.png,25
./benign_data/benign_imgs/e68d0aff6f9b17d0c48a18f79e0f405f420242ac9c0c4579c8cced7ef699aa46.png,25
./benign_data/benign_imgs/e65843dd08f0044bfebc429e3ced7e936dc83c2d304fe7774147b0db382e5965.png,25
./benign_data/benign_imgs/e60878f2f9a9c3cd70720b8a8b3fe98dfd37dc2c5da9a79dd043a09a8f5fc423.png,25
./benign_data/benign_imgs/e5c6eb60211ec6b21425f7cd63d597109dfd4c867b5645b52d05684be59097fd.png,25
./benign_data/benign_imgs/e5b7730daa39dc02a1618c39f249f2ffe5df128a06efbb712fb8e3b7ae840211.png,25
./benign_data/benign_imgs/e58771a5a611292297cbb7e69be2fbdce01f5d96b02ac0e33ee9bcb1abfc3b6d.png,25
./benign_data/benign_imgs/e47adb18253dbdf07276faef715d56fc3840b20ea2c2e6ec5690811afb7daed1.png,25
./benign_data/benign_imgs/e447797c377b176832497d6ddd22226f1e403a63f48f6fe1a77fa7009036e749.png,25
./benign_data/benign_imgs/e42647afd2747ba0c5a5c2440b5a68a9f0139850782690e1f7f2abd01ff573f3.png,25
./benign_data/benign_imgs/e3b8530d540b87a4019742aa9d6cbfacf6c6583240bea5ac8319311e8dd195cb.png,25
./benign_data/benign_imgs/e40f02f83a5747b8b47cbc21fc7c54e6b81b7b92c86410ccc62795274f639385.png,25
./benign_data/benign_imgs/e417a2a7e4a77e96f819ef1fca0156ae01807825c0ee0817e649fe6c0d41a4be.png,25
./benign_data/benign_imgs/e3827378118993c34eced29d9de0ad006f356667d4e37be9776dfe59a7c3a24b.png,25
./benign_data/benign_imgs/e29835e30a82311d856dc8ac8ba70b5f10f9cd6465a76a0f6423ed1b36dad744.png,25
./benign_data/benign_imgs/e34ef07be1e6de192e007fa59413c9f07657d9d24ebb59b2049d3447ccc73110.png,25
./benign_data/benign_imgs/e26573bf8a8b859d65d3b5e258764384e269ea08fd25a5d68d6a25708798c42f.png,25
./benign_data/benign_imgs/e18c02ba480e83489976314a0a79441108faf4d246292eba1eadd36ce4fc6acd.png,25
./benign_data/benign_imgs/e24e9b04c7f2f50da89c36779bc0f9a17e55755845c0c4fc33d25d2cbb912a0d.png,25
./benign_data/benign_imgs/e1913ca829634bac9b78031eb20c79fb7b1d5c9ebacd27d89f575576178bce8b.png,25
./benign_data/benign_imgs/e20c8fcbe0260436c3779a5b1c640153f2690f6e32a4355c47eba50c862c9549.png,25
./benign_data/benign_imgs/e0718764552ce0092f528cc521052229ccda4bf21279f90dcdfc226f45eed43a.png,25
./benign_data/benign_imgs/e05736304339b95938f623f5e5ab295942ccb728cf0782e429ff56c7f98c4ace.png,25
./benign_data/benign_imgs/e000a2915cdc991900e600a9848c836c6b62241cd7198eeb635344530869d912.png,25
./benign_data/benign_imgs/dfdcbc5a9cc9e9d6b0e4bc4def90758ffb9011b6c926f02b44d66d2b88dda8a1.png,25
./benign_data/benign_imgs/df3be72be588f2b532738f0e78ea853f79facfb8bb26d4e5882de3fe1481780a.png,25
./benign_data/benign_imgs/df3e83d365715e889970135cef3168ad205dd8f6d4522cbdd053cb254e0bf8e7.png,25
./benign_data/benign_imgs/df23113f3c534e5becbd452bf2ad92cbcf2a92641f775f4f579c91ad7c0ac7f4.png,25
./benign_data/benign_imgs/dec0efefe7749ab45c541f8c2c0bc4fa946e865025e209e58a0dffa41d87baf0.png,25
./benign_data/benign_imgs/df1f22cc634826085eedbef5bf8e106493c821c9362baf6a3e4880878c9ae780.png,25
./benign_data/benign_imgs/dec54fa2495ddda9647c516f4025f08f552451bdf432930df6dcffa31ee38d46.png,25
./benign_data/benign_imgs/ddf9918a205bd5c45f3bd6ef62ccbcbe0bba77e2df3b301613aa910ff34b331e.png,25
./benign_data/benign_imgs/de2d114af3df793d3f2d107f3114b5451934768b206473b293b6b03a0c7fbec0.png,25
./benign_data/benign_imgs/ddb348b0443d540a6e72477b111b50b094adcd490872c4786acbdcd093e07f8d.png,25
./benign_data/benign_imgs/ddcd14ee4a48801f1db7314f79ee7de6ea82320ff919f3d77424b8631172fea2.png,25
./benign_data/benign_imgs/dd7a6d34e1a7b599d76ca9a895a1fd10c7dba227dd402a8782316b8f6a53aa10.png,25
./benign_data/benign_imgs/dda46ead54b5f92e4fa77cf708f9c87521cf26e80ea776203b34037d54590f96.png,25
./benign_data/benign_imgs/dcb5d275f67264d2a6ba2429d46561fe284d3abf1e12c5f600424e0189cfd5d3.png,25
./benign_data/benign_imgs/dca3a8f6bbe4e3be641adfd870352545e103298444f0cb68c932861327047b63.png,25
./benign_data/benign_imgs/dc4a4aabaa2db2cd79d01d12e35ae7402a4aa8193660141c30ee216cf27f189a.png,25
./benign_data/benign_imgs/dc66843f5a304362179f9fe4ca1a1d0b1249934e545c303c3ee353d061dd0ffa.png,25
./benign_data/benign_imgs/dc14743f0c58595e84d80cf3579f6d162d378312c6b017380a1e43c870f9f9fd.png,25
./benign_data/benign_imgs/dbab6a72dd57ae2b056c370fc0fdaeff0045e09d834c76b58c3883b9c8438101.png,25
./benign_data/benign_imgs/dbc7f09ca4b8fe50b475823cb31697dd4a376334bce6a110562417401ed21bc0.png,25
./benign_data/benign_imgs/db345130e2cd90ea550affa0fc43a285f09c8f15c9382d35334a1bde48eaa92e.png,25
./benign_data/benign_imgs/daf40d9a2ec0f85748aa446e41c11cf7188fdfa0f00d84652a38699c5e04863a.png,25
./benign_data/benign_imgs/file.png,25
./benign_data/benign_imgs/fffadeda975e01bb25fddcc63670cb1b73082db4addc58e782f0b4aa2af976e4.png,25
./benign_data/benign_imgs/ff9ef3f71807789ab7387c00020b61f7c7ffdcbd7f55d5274bd9d5800b98cad6.png,25
./benign_data/benign_imgs/ff3a27c79a9938205bb158f87c020fa24a42612c8b6b0c4a66ad95471bc26ba5.png,25
./benign_data/benign_imgs/fecc1365cc1a49cc521cb2d849a71fb10bea2cca3d45cbb7cd81e0b2aacf6620.png,25
./benign_data/benign_imgs/ff6d6d846bb0ef538a95836a52e6187c855cbf93e2fce3496bcfc574b5367d54.png,25
./benign_data/benign_imgs/feb6e3f037c3124988c35c5ec09898d8d9ecd3beaca973cf6c0dadf5d6e308dd.png,25
./benign_data/benign_imgs/feb5b3512c236a338dd392ed46f27796be7621d7a6eb0cfae9e9518276c6ebe1.png,25
./benign_data/benign_imgs/fdbad29d846785daeac792e56c7165685ecaf6f784931c86fb2ce8b085f3ba67.png,25
./benign_data/benign_imgs/fdb94cfe79f802c24a9e758699a241cc17df084e10638a210822aad25ccb8f50.png,25
./benign_data/benign_imgs/fd901ccca28dd32c68370eaf942af33607fdbb173e8150aa46111139a1199d72.png,25
./benign_data/benign_imgs/fd7d0de65de8c837b3f27277dfb88e1db87d3da321fb530117dca26476aba808.png,25
./benign_data/benign_imgs/fc9ead313b5a4a2f353551677acb9a31b02b028aeb242824bc6e582bb74696ad.png,25
./benign_data/benign_imgs/fbfdedb850f535b635f17053f33bad5e5f72785a576ba5a8b1c6adff4488b430.png,25
./benign_data/benign_imgs/fc373b3933db2efe15c884dbf0ec4fbb89fdebcdb7a93eb463ad3a97f673a909.png,25
./benign_data/benign_imgs/fd791c303195482f3bbbf2becad1f1c29d2a0d61faf95917e1de5fe188844440.png,25
./benign_data/benign_imgs/fb79aa9861b147460e71653b2c01129cc0911efc6c1f97c6377d96f47d651da2.png,25
./benign_data/benign_imgs/fbe5548641d632402786dd2b8435d7fd312ed101c17554e69759b9f52bf52be6.png,25
./benign_data/benign_imgs/fb7aaec5041bbe82059d9ade519db9168ca7ec55f1d6bd12e526300a5a8fa06d.png,25
./benign_data/benign_imgs/fb038a3f6029aacb251d4c79fad083865ef2a01efbbd94572ada383dcf6e2f57.png,25
./benign_data/benign_imgs/fbba0c95a318e9c7f37915f2fc273321a668e668696e821cab1b013ad8fe496b.png,25
./benign_data/benign_imgs/fb1a05851b65e442983342cb1df3fb022112576aaf5d51774baf5dea3acc111e.png,25
./benign_data/benign_imgs/fabc7c12fd6523338f8adb3fefcaed7f213afe95e784ef36ecdf42da67421ab1.png,25
./benign_data/benign_imgs/fa7e95675dacc5c3bd90e758cac31e72234cefa245f0b5ecaca3a2021f68c00c.png,25
./benign_data/benign_imgs/fa98c952dc568cbea659ad8505ed2ee177ee6ad22dcec6b879994299d2cff278.png,25
./benign_data/benign_imgs/f9ed0155b6015f11ff8036c67adecc85fc6ae1256420cc0564a15f452d124cc9.png,25
./benign_data/benign_imgs/f957d05021f700ae9aea9cee5ff002cf182e35a904f31a882a9dd0e53fb335f5.png,25
./benign_data/benign_imgs/f93034f9581a2392ac32bcdc7cffdba816cf4686f431d0a8bca55d0680693635.png,25
./benign_data/benign_imgs/f8ce78b2bde7787ffef2b8b7f11c59c6e0fd4f7f760111cb79febc078111aa18.png,25
./benign_data/benign_imgs/f8b29d56375db2665c596014831a0daa7804df5ed2ead414c644f565c6b488d2.png,25
./benign_data/benign_imgs/f8bfadc869da5c87fde870c0282bb9a7d104e27583fbea9a6f5b7e34ffea8a55.png,25
./benign_data/benign_imgs/f805fbd781c27bcb4f1c887afcf9d32aa7b74e350b6e60e50337aa319b69cf62.png,25
./benign_data/benign_imgs/f7df2fc6c007aa22af62210420d1f16df04f3cfd9ada02d29952af3d3783556e.png,25
./benign_data/benign_imgs/f4a88f9d9f71f94fb808af142579730a90c4d16dcd56055264c4c5e0697a09ea.png,25
./benign_data/benign_imgs/f7bc0e7b1a3f57977fec35320a0662fc081ef25084cc2c5eee4462a488efda97.png,25
./benign_data/benign_imgs/f62c18b00f87907a37c167dea4774e62593f769f796880776a837bb669f687ef.png,25
./benign_data/benign_imgs/f696bced4f6608ef898bdca29ba757a07900e4031e1de74c85bd18949e6479e8.png,25
./benign_data/benign_imgs/f5dec030c7e98a32f27015300e410e3999b0ccf1741410a2563d9489d98d1769.png,25
./benign_data/benign_imgs/f5cad84947ed80047edb5ccb213286921635ce6bebb57f5e4c0f6d2a62fe2e2f.png,25
./benign_data/benign_imgs/f4451d30d2f1155f48128b6b889b0e038d6bacff54f5282c69c2d56aa594ed94.png,25
./benign_data/benign_imgs/f44f5ab3498c21b098c8d2d823f29c990113b9ef98d429e0c0eed152d5761bfb.png,25
./benign_data/benign_imgs/f404c34eb3227c557f4ee70ff44ebd8dad30268ea79c59e4b6af0354452f0c9d.png,25
./benign_data/benign_imgs/f224f0aa7b19a6e331a18e565fe4a54fb652ff6c8e09657ede61d11d296fe3ca.png,25
./benign_data/benign_imgs/f1b575cadc881d0129b141bda3e909230d2c328bcc1f2b8d9936b79b02958500.png,25
./benign_data/benign_imgs/f1510141fe552081af1fb705f04188ede855c237fa989ef65b4e4e2a8ea91ca3.png,25
./benign_data/benign_imgs/f0c719723b7689e702a6bb7cf5a56b96f5cef85d45df5ec612ab68524d1e0a47.png,25
./benign_data/benign_imgs/f0ab80e4512ddf123238b164ee2b638efacecd21bb5955a49f7b06ac6f0ea536.png,25
./benign_data/benign_imgs/f076d0a36e3db1217453392b669d735ff20dfd4ff52778287a4e4a0676f207a0.png,25
./benign_data/benign_imgs/f073c031c787956ad68f2b5c8f512212071e3fff4610910cff8d2a2b81d3b50d.png,25
./benign_data/benign_imgs/efecf9bb87d641994cab084a0ad65397b193c7a6d00c65100e6e41b8948f592e.png,25
./benign_data/benign_imgs/ef61e92582a60c072fc527babcc7183ea7b7ba7af03a684eb77d17023de113fe.png,25
./benign_data/benign_imgs/ef12c1f39f55c6e53902f0fe92f5107dd2e2a495e8ed9bd85ea08479fad64487.png,25
./benign_data/benign_imgs/ef0e1c8217ff645ec599683ebbef4dad00cea679866fa1a6eebb42efd065bddc.png,25
./benign_data/benign_imgs/eeb4e4c63f7b33a00a4ed0dbec66fffbf534180bdd20a8d88b9de5d5e595efd9.png,25
./benign_data/benign_imgs/eefac865c13477f8c890ac2990b822e5ab16a0ad2351bfb28380154ec5bc231c.png,25
./benign_data/benign_imgs/eeb431a534e25c0860b3f671e14e8b9cf361a562728ffe8e47c9318b99ce537c.png,25
./benign_data/benign_imgs/ee9325de9533fe09be00f57b6148453422ca6486d7d133cde03a34e65068718e.png,25
./benign_data/benign_imgs/ed951cfa6045da2ade1900e01b00ece04428f9b621dd50780f4b76ca5fb235d0.png,25
./benign_data/benign_imgs/ee817287293478ecdd152a44b99c04c3aa18dc7399c1f4dd6ddcedca39639af2.png,25
